-- phpMyAdmin SQL Dump
-- version 4.0.10.20
-- https://www.phpmyadmin.net
--
-- Host: mysql313.phy.lolipop.lan
-- Generation Time: Feb 10, 2025 at 12:52 AM
-- Server version: 8.0.35
-- PHP Version: 5.3.29

SET SQL_MODE = "NO_AUTO_VALUE_ON_ZERO";
SET time_zone = "+00:00";


/*!40101 SET @OLD_CHARACTER_SET_CLIENT=@@CHARACTER_SET_CLIENT */;
/*!40101 SET @OLD_CHARACTER_SET_RESULTS=@@CHARACTER_SET_RESULTS */;
/*!40101 SET @OLD_COLLATION_CONNECTION=@@COLLATION_CONNECTION */;
/*!40101 SET NAMES utf8 */;

--
-- Database: `LAA1600585-projectofmdr`
--

-- --------------------------------------------------------

--
-- Table structure for table `kosiki`
--

CREATE TABLE IF NOT EXISTS `kosiki` (
  `id` int NOT NULL AUTO_INCREMENT,
  `teacher_id` int DEFAULT NULL,
  `subject` varchar(255) CHARACTER SET utf8mb4 COLLATE utf8mb4_general_ci NOT NULL,
  `lecture_date` date NOT NULL,
  `bikou` varchar(200) CHARACTER SET utf8mb4 COLLATE utf8mb4_general_ci DEFAULT NULL,
  `comasuu` int DEFAULT NULL,
  `time_range` varchar(100) CHARACTER SET utf8mb4 COLLATE utf8mb4_general_ci DEFAULT NULL,
  `created_at` datetime DEFAULT CURRENT_TIMESTAMP,
  PRIMARY KEY (`id`),
  UNIQUE KEY `id_2` (`id`),
  KEY `teacher_id` (`teacher_id`),
  KEY `id` (`id`)
) ENGINE=InnoDB  DEFAULT CHARSET=utf8mb4 COLLATE=utf8mb4_general_ci ROW_FORMAT=COMPACT AUTO_INCREMENT=341 ;

--
-- Dumping data for table `kosiki`
--

INSERT INTO `kosiki` (`id`, `teacher_id`, `subject`, `lecture_date`, `bikou`, `comasuu`, `time_range`, `created_at`) VALUES
(25, 12, 'ビジネス実務II', '2024-04-16', '学校', 1, '09:30-11:00', '2024-10-25 13:11:55'),
(26, 9, 'CCラボ', '2024-04-16', '学校', 1, '13:30-15:00', '2024-10-25 13:11:55'),
(27, 9, '海外研修', '2024-04-16', '学校', 1, '15:10-16:40', '2024-10-25 13:11:55'),
(28, 18, 'Web情報', '2024-04-17', '学校', 1, '09:30-11:00', '2024-10-25 13:11:55'),
(29, 1, '業務効率化', '2024-04-17', '学校', 1, '11:10-12:40', '2024-10-25 13:11:55'),
(30, 5, 'セキュリティー診断', '2024-09-06', 'オンライン', 2, '13:30-12:40', '2024-10-25 13:11:55'),
(31, 7, 'ELII英語', '2024-04-18', '学校', 1, '09:30-11:00', '2024-10-25 13:11:55'),
(32, 6, 'ELII日本語', '2024-04-18', '学校', 1, '09:30-11:00', '2024-10-25 13:11:55'),
(33, 7, 'ELⅡ英語', '2024-09-06', '学校', 1, '09:30-11:00', '2024-10-25 13:11:55'),
(34, 4, 'キャリア', '2024-04-18', '学校', 1, '11:10-12:40', '2024-10-25 13:11:55'),
(35, 20, 'デタビﾞ実践', '2024-04-18', '学校', 2, '13:30-16:40', '2024-10-25 13:11:55'),
(36, 7, 'ELⅡ英語', '2024-09-06', '学校', 1, '09:30-11:00', '2024-10-25 13:11:55'),
(37, 5, 'セキュリティ診断', '2024-04-19', '学校', 2, '13:30-16:40', '2024-10-25 13:11:55'),
(38, 2, 'AI', '2024-04-19', '学校', 2, '09:30-11:00', '2024-10-25 13:11:55'),
(39, 12, 'ビジネス実務II', '2024-04-23', '学校', 1, '09:30-11:00', '2024-10-25 13:11:55'),
(40, 19, '阿蘇×DXII', '2024-04-24', '学校', 2, '13:30-16:40', '2024-10-25 13:11:55'),
(41, 5, 'セキュリティ診断', '2024-04-26', '学校', 2, '13:30-16:40', '2024-10-25 13:11:55'),
(42, 2, 'AI', '2024-04-26', '学校', 2, '09:30-12:40', '2024-10-25 13:11:55'),
(43, 20, 'デタビ実践', '2024-04-25', '学校', 2, '13:30-16:40', '2024-10-25 13:11:55'),
(44, 7, 'ELII英語', '2024-04-25', '学校', 1, '09:30-11:00', '2024-10-25 13:11:55'),
(45, 18, 'Web情報', '2024-04-24', '学校', 1, '09:30-11:00', '2024-10-25 13:11:55'),
(46, 1, '業務効率化', '2024-04-24', '学校', 1, '11:10-12:40', '2024-10-25 13:11:55'),
(47, 9, 'CCラボ', '2024-04-23', '学校', 1, '13:30-15:00', '2024-10-25 13:11:55'),
(48, 12, 'CCラボ', '2024-04-23', '学校', 1, '13:30-15:00', '2024-10-25 13:11:55'),
(49, 13, 'グローバルスタディ', '2024-04-23', '学校', 1, '15:10-16:40', '2024-10-25 13:11:55'),
(50, 12, 'ビジネス実務II', '2024-05-07', '学校', 1, '09:30-11:00', '2024-10-25 13:11:55'),
(51, 9, 'CCラボ', '2024-05-07', '学校', 1, '13:30-15:00', '2024-10-25 13:11:55'),
(52, 12, 'CCラボ', '2024-05-07', '学校', 1, '13:30-15:00', '2024-10-25 13:11:55'),
(53, 9, '海外研修', '2024-05-07', '学校', 1, '15:10-16:40', '2024-10-25 13:11:55'),
(54, 18, 'Web情報', '2024-05-08', '学校', 1, '09:30-11:00', '2024-10-25 13:11:55'),
(55, 1, '業務効率化', '2024-05-08', '学校', 1, '11:10-12:40', '2024-10-25 13:11:55'),
(56, 20, 'デタビ実践', '2024-05-09', '学校', 2, '13:30-16:40', '2024-10-25 13:11:55'),
(57, 6, 'ELII日本語', '2024-05-09', '学校', 1, '09:30-11:00', '2024-10-25 13:11:55'),
(58, 7, 'ELII英語', '2024-05-09', '学校', 1, '09:30-11:00', '2024-10-25 13:11:55'),
(59, 5, 'セキュリティ診断', '2024-05-10', '学校', 2, '13:30-16:40', '2024-10-25 13:11:55'),
(60, 12, 'ビジネス実務II', '2024-05-14', '学校', 1, '09:30-11:00', '2024-10-25 13:11:55'),
(61, 9, 'CCラボ', '2024-05-14', '学校', 1, '13:30-15:00', '2024-10-25 13:11:55'),
(62, 12, 'CCラボ', '2024-05-14', '学校', 1, '13:30-15:00', '2024-10-25 13:11:55'),
(63, 13, 'グローバルスタディ', '2024-05-14', '学校', 1, '15:10-16:40', '2024-10-25 13:11:55'),
(64, 18, 'Web情報', '2024-05-15', '学校', 1, '09:30-11:00', '2024-10-25 13:11:55'),
(65, 1, '業務効率化', '2024-05-15', '学校', 1, '11:10-12:40', '2024-10-25 13:11:55'),
(66, 19, '阿蘇×DX', '2024-05-15', '学校', 2, '13:30-16:40', '2024-10-25 13:11:55'),
(67, 6, 'ELII日本語', '2024-05-16', '学校', 1, '09:30-11:00', '2024-10-25 13:11:55'),
(68, 7, 'ELII英語', '2024-05-16', '学校', 1, '09:30-11:00', '2024-10-25 13:11:55'),
(75, 19, '阿蘇×DX', '2024-05-15', '学校', 2, '13:30-16:40', '2024-10-25 13:11:55'),
(76, 6, 'ELII日本語', '2024-05-16', '学校', 1, '09:30-11:00', '2024-10-25 13:11:55'),
(77, 7, 'ELII英語', '2024-05-16', '学校', 1, '09:30-11:00', '2024-10-25 13:11:55'),
(78, 20, 'デタビ実践', '2024-05-16', '学校', 2, '13:30-16:40', '2024-10-25 13:11:55'),
(79, 2, 'AI', '2024-05-17', '学校', 2, '09:30-12:40', '2024-10-25 13:11:55'),
(80, 5, 'セキュリティ診断', '2024-05-17', '学校', 2, '13:30-16:40', '2024-10-25 13:11:55'),
(81, 12, 'ビジネス実務II', '2024-05-21', '学校', 1, '09:30-11:00', '2024-10-25 13:11:55'),
(82, 9, 'CCラボ', '2024-05-21', '学校', 1, '13:30-15:00', '2024-10-25 13:11:55'),
(83, 12, 'CCラボ', '2024-05-21', '学校', 1, '13:30-15:00', '2024-10-25 13:11:55'),
(84, 13, 'グローバルスタディ', '2024-05-21', '学校', 1, '15:10-16:40', '2024-10-25 13:11:55'),
(85, 18, 'Web情報', '2024-05-22', '学校', 1, '09:30-11:00', '2024-10-25 13:11:55'),
(86, 1, '業務効率化', '2024-05-22', '学校', 1, '11:10-12:40', '2024-10-25 13:11:55'),
(87, 19, '阿蘇×DX', '2024-05-22', '学校', 2, '13:30-16:40', '2024-10-25 13:11:55'),
(88, 6, 'ELII日本語', '2024-05-23', '学校', 1, '09:30-11:00', '2024-10-25 13:11:55'),
(89, 7, 'ELII英語', '2024-05-23', '学校', 1, '09:30-11:00', '2024-10-25 13:11:55'),
(90, 4, 'キャリア', '2024-05-23', '学校', 1, '11:10:-12:40', '2024-10-25 13:11:55'),
(91, 20, 'デタビ実践', '2024-05-23', '学校', 2, '13:30-16:40', '2024-10-25 13:11:55'),
(92, 5, 'セキュリティ診断', '2024-05-24', '学校', 2, '13:30-16:40', '2024-10-25 13:11:55'),
(93, 12, 'ビジネス実務II', '2024-05-28', '学校', 1, '09:30-11:00', '2024-10-25 13:11:55'),
(94, 9, '海外研修', '2024-05-28', '学校', 1, '15:10-16:40', '2024-10-25 13:11:55'),
(95, 18, 'Web情報', '2024-05-29', '学校', 1, '09:30-11:00', '2024-10-25 13:11:55'),
(96, 1, '業務効率化', '2024-05-29', '学校', 1, '11:10-12:40', '2024-10-25 13:11:55'),
(97, 6, 'ELII日本語', '2024-05-30', '学校', 1, '09:30-11:10', '2024-10-25 13:11:55'),
(98, 7, 'ELII英語', '2024-05-30', '学校', 1, '09:30-11:10', '2024-10-25 13:11:55'),
(99, 4, 'キャリア', '2024-05-30', '学校', 1, '11:10-12:40', '2024-10-25 13:11:55'),
(100, 20, 'デタビ実践', '2024-05-30', '学校', 2, '13:30-16:40', '2024-10-25 13:11:55'),
(101, 2, 'AI', '2024-05-31', '学校', 2, '09:30-12:40', '2024-10-25 13:11:55'),
(102, 5, 'セキュリティ診断', '2024-05-31', '学校', 2, '13:30-16:40', '2024-10-25 13:11:55'),
(103, 12, 'ビジネス実務II', '2024-06-04', '学校', 1, '09:30-11:00', '2024-10-25 13:11:55'),
(104, 12, 'CCラボ', '2024-06-04', '学校', 1, '13:30-15:00', '2024-10-25 13:11:55'),
(105, 9, '海外研修', '2024-06-04', '学校', 1, '15:10-16:40', '2024-10-25 13:11:55'),
(106, 18, 'Web情報', '2024-06-05', '学校', 1, '09:30-11:00', '2024-10-25 13:11:55'),
(107, 1, '業務効率化', '2024-06-05', '学校', 1, '11:10-12:40', '2024-10-25 13:11:55'),
(108, 6, 'ELII日本語', '2024-06-06', '学校', 1, '09:30-11:00', '2024-10-25 13:11:55'),
(109, 7, 'ELII英語', '2024-06-06', '学校', 1, '09:30-11:00', '2024-10-25 13:11:55'),
(110, 4, 'キャリア', '2024-06-06', '学校', 1, '11:10-12:40', '2024-10-25 13:11:55'),
(111, 20, 'デタビ実践', '2024-06-06', '学校', 2, '13:30-16:40', '2024-10-25 13:11:55'),
(112, 5, 'セキュリティ診断', '2024-06-07', '学校', 2, '13:30-16:40', '2024-10-25 13:11:55'),
(113, 21, '次世代II', '2024-06-10', '学校', 2, '13:30-16:40', '2024-10-25 13:11:55'),
(114, 12, 'ビジネス実務II', '2024-06-11', '学校', 1, '09:30-11:00', '2024-10-25 13:11:55'),
(115, 9, 'CCラボ', '2024-06-11', '学校', 1, '13:30-15:00', '2024-10-25 13:11:55'),
(117, 13, 'グローバルスタディ', '2024-06-11', '学校', 1, '15:10-16:40', '2024-10-25 13:11:55'),
(118, 18, 'Web情報', '2024-06-12', '学校', 1, '09:30-11:00', '2024-10-25 13:11:55'),
(119, 1, '業務効率化', '2024-06-12', '学校', 1, '11:10-12:40', '2024-10-25 13:11:55'),
(120, 19, '阿蘇×DX', '2024-06-12', '学校', 2, '13:30-16:40', '2024-10-25 13:11:55'),
(121, 6, 'ELII日本語', '2024-06-13', '学校', 1, '09:30-11:00', '2024-10-25 13:11:55'),
(122, 7, 'ELII英語', '2024-06-13', '学校', 1, '09:30-11:00', '2024-10-25 13:11:55'),
(123, 4, 'キャリア', '2024-06-13', '学校', 1, '11:10-12:40', '2024-10-25 13:11:55'),
(124, 20, 'デタビ実践', '2024-06-13', '学校', 2, '13:30-16:40', '2024-10-25 13:11:55'),
(125, 2, 'AI', '2024-06-14', '学校', 2, '09:30-12:40', '2024-10-25 13:11:55'),
(126, 5, 'セキュリティ診断', '2024-06-14', '学校', 2, '13:30-16:40', '2024-10-25 13:11:55'),
(127, 12, 'ビジネス実務II', '2024-06-18', '学校', 1, '09:30-11:00', '2024-10-25 13:11:55'),
(128, 9, 'CCラボ', '2024-06-18', '学校', 1, '13:30-15:00', '2024-10-25 13:11:55'),
(129, 13, 'グローバルスタディ', '2024-06-18', '学校', 1, '15:10-16:40', '2024-10-25 13:11:55'),
(130, 18, 'Web情報', '2024-06-19', '学校', 1, '09:30-11:00', '2024-10-25 13:11:55'),
(131, 1, '業務効率化', '2024-06-19', '学校', 1, '11:10-12:40', '2024-10-25 13:11:55'),
(132, 6, 'ELII日本語', '2024-06-20', '学校', 1, '09:30-11:00', '2024-10-25 13:11:55'),
(133, 7, 'ELII英語', '2024-06-20', '学校', 1, '09:30-11:00', '2024-10-25 13:11:55'),
(134, 4, 'キャリア', '2024-06-20', '学校', 1, '11:10-12:40', '2024-10-25 13:11:55'),
(136, 21, '次世代II', '2024-06-21', '学校', 1, '09:30-11:00', '2024-10-25 13:11:55'),
(137, 5, 'セキュリティ診断', '2024-06-21', '学校', 2, '13:30-16:40', '2024-10-25 13:11:55'),
(138, 9, 'CCラボ', '2024-06-04', '学校', 1, '13:30-15:00', '2024-10-25 13:11:55'),
(139, 12, 'CCラボ', '2024-06-11', '学校', 1, '13:30-15:00', '2024-10-25 13:11:55'),
(140, 12, 'CCラボ', '2024-06-18', '学校', 1, '13:30-15:00', '2024-10-25 13:11:55'),
(141, 12, 'ビジネス実務II', '2024-06-25', '学校', 1, '09:30-11:00', '2024-10-25 13:11:55'),
(142, 9, '海外研修', '2024-06-25', '学校', 1, '13:30-15:00', '2024-10-25 13:11:55'),
(143, 18, 'Web情報', '2024-06-26', '学校', 1, '09:30-11:00', '2024-10-25 13:11:55'),
(144, 1, '業務効率化', '2024-06-26', '学校', 1, '11:10-12:40', '2024-10-25 13:11:55'),
(145, 6, 'ELII日本語', '2024-06-27', '学校', 1, '09:30-11:00', '2024-10-25 13:11:55'),
(146, 7, 'ELII英語', '2024-06-27', '学校', 1, '09:30-11:00', '2024-10-25 13:11:55'),
(147, 4, 'キャリア', '2024-06-27', '学校', 1, '11:10-12:40', '2024-10-25 13:11:55'),
(148, 2, 'AI', '2024-06-28', '学校', 2, '09:30-12:40', '2024-10-25 13:11:55'),
(149, 5, 'セキュリティ診断', '2024-06-28', '学校', 2, '13:30-16:40', '2024-10-25 13:11:55'),
(150, 12, 'ビジネス実務II', '2024-07-02', '学校', 1, '09:30-11:00', '2024-10-25 13:11:55'),
(151, 9, 'CCラボ', '2024-07-02', '学校', 1, '13:30-15:00', '2024-10-25 13:11:55'),
(152, 12, 'CCラボ', '2024-07-02', '学校', 1, '13:30-15:00', '2024-10-25 13:11:55'),
(154, 18, 'Web情報', '2024-07-03', '学校', 1, '09:30-11:00', '2024-10-25 13:11:55'),
(155, 1, '業務効率化', '2024-07-03', '学校', 1, '11:10-12:40', '2024-10-25 13:11:55'),
(156, 6, 'ELII日本語', '2024-07-04', '学校', 1, '09:30-11:00', '2024-10-25 13:11:55'),
(157, 7, 'ELII英語', '2024-07-04', '学校', 1, '09:30-11:00', '2024-10-25 13:11:55'),
(158, 4, 'キャリア', '2024-07-04', '学校', 1, '11:10-12:40', '2024-10-25 13:11:55'),
(159, 21, '次世代II', '2024-07-05', '学校', 1, '11:10-12:40', '2024-10-25 13:11:55'),
(160, 5, 'セキュリティ診断', '2024-07-05', '学校', 2, '13:30-16:40', '2024-10-25 13:11:55'),
(161, 21, '次世代II', '2024-07-08', '学校', 3, '11:10-16:40', '2024-10-25 13:11:55'),
(163, 12, 'ビジネス実務II', '2024-07-09', '学校', 1, '09:30-11:00', '2024-10-25 13:11:55'),
(164, 9, 'CCラボ', '2024-07-09', '学校', 1, '13:30-15:00', '2024-10-25 13:11:55'),
(165, 12, 'CCラボ', '2024-07-09', '学校', 1, '13:30-15:00', '2024-10-25 13:11:55'),
(167, 18, 'Web情報', '2024-07-10', '学校', 1, '09:30-11:00', '2024-10-25 13:11:55'),
(168, 1, '業務効率化', '2024-07-10', '学校', 1, '11:10-12:40', '2024-10-25 13:11:55'),
(169, 19, '阿蘇×DX', '2024-07-10', '学校', 2, '13:30-16:40', '2024-10-25 13:11:55'),
(170, 6, 'ELII日本語', '2024-07-11', '学校', 1, '09:30-11:00', '2024-10-25 13:11:55'),
(171, 7, 'ELII英語', '2024-07-11', '学校', 1, '09:30-11:00', '2024-10-25 13:11:55'),
(172, 4, 'キャリア', '2024-07-11', '学校', 1, '11:10-12:40', '2024-10-25 13:11:55'),
(173, 2, 'AI', '2024-07-12', '学校', 2, '09:30-12:40', '2024-10-25 13:11:55'),
(174, 5, 'セキュリティ診断', '2024-07-12', '学校', 2, '13:30-16:40', '2024-10-25 13:11:55'),
(175, 12, 'ビジネス実務II', '2024-07-16', '学校', 1, '09:30-11:00', '2024-10-25 13:11:55'),
(176, 9, 'CCラボ', '2024-07-16', '学校', 1, '13:30-15:00', '2024-10-25 13:11:55'),
(177, 12, 'CCラボ', '2024-07-16', '学校', 1, '13:30-15:00', '2024-10-25 13:11:55'),
(178, 18, 'Web情報', '2024-07-17', '学校', 1, '09:30-11:00', '2024-10-25 13:11:55'),
(179, 1, '業務効率化', '2024-07-17', '学校', 1, '11:10-12:40', '2024-10-25 13:11:55'),
(180, 6, 'ELII日本語', '2024-07-18', '学校', 1, '09:30-11:00', '2024-10-25 13:11:55'),
(181, 7, 'ELII英語', '2024-07-18', '学校', 1, '09:30-11:00', '2024-10-25 13:11:55'),
(182, 4, 'キャリア', '2024-07-18', '学校', 1, '11:10-12:40', '2024-10-25 13:11:55'),
(183, 5, 'セキュリティ診断', '2024-07-19', '学校', 2, '13:30-16:40', '2024-10-25 13:11:55'),
(184, 12, 'ビジネス実務II', '2024-09-03', '学校', 1, '09:30-11:00', '2024-10-25 13:11:55'),
(185, 1, '業務効率化', '2024-09-03', '学校', 1, '11:10-12:40', '2024-10-25 13:11:55'),
(186, 9, 'CCラボ', '2024-09-03', '学校', 1, '13:30-15:00', '2024-10-25 13:11:55'),
(187, 12, 'CCラボ', '2024-09-03', '学校', 1, '13:30-15:00', '2024-10-25 13:11:55'),
(188, 13, 'グローバルスタディ', '2024-09-03', '学校', 1, '15:10-16:40', '2024-10-25 13:11:55'),
(189, 18, 'Web情報', '2024-09-04', '学校', 1, '09:30-11:00', '2024-10-25 13:11:55'),
(190, 1, '業務効率化', '2024-09-04', '学校', 1, '11:10-12:40', '2024-10-25 13:11:55'),
(191, 19, '阿蘇×DX', '2024-09-04', '学校', 2, '13:30-16:40', '2024-10-25 13:11:55'),
(192, 6, 'ELII日本語', '2024-09-05', '学校', 1, '09:30-11:00', '2024-10-25 13:11:55'),
(193, 7, 'ELII英語', '2024-09-05', '学校', 1, '09:30-11:00', '2024-10-25 13:11:55'),
(194, 4, 'キャリア', '2024-09-05', '学校', 1, '11:10-12:40', '2024-10-25 13:11:55'),
(195, 2, 'AI', '2024-09-06', '学校', 2, '09:30-12:40', '2024-10-25 13:11:55'),
(196, 5, 'セキュリティ診断', '2024-09-06', '学校', 2, '13:30-16:40', '2024-10-25 13:11:55'),
(197, 12, 'ビジネス実務II', '2024-09-10', '学校', 1, '09:30-11:00', '2024-10-25 13:11:55'),
(198, 9, 'CCラボ', '2024-09-10', '学校', 1, '13:30-15:00', '2024-10-25 13:11:55'),
(199, 12, 'CCラボ', '2024-09-10', '学校', 1, '13:30-15:00', '2024-10-25 13:11:55'),
(200, 13, 'グローバルスタディ', '2024-09-10', '学校', 1, '15:10-16:40', '2024-10-25 13:11:55'),
(201, 18, 'Web情報', '2024-09-11', '学校', 1, '09:30-11:00', '2024-10-25 13:11:55'),
(202, 1, '業務効率化', '2024-09-11', '学校', 1, '11:10-12:40', '2024-10-25 13:11:55'),
(203, 19, '阿蘇×DX', '2024-09-11', '学校', 2, '13:30-16:40', '2024-10-25 13:11:55'),
(204, 6, 'ELII日本語', '2024-09-12', '学校', 1, '09:30-11:00', '2024-10-25 13:11:55'),
(205, 7, 'ELII英語', '2024-09-12', '学校', 1, '09:30-11:00', '2024-10-25 13:11:55'),
(206, 4, 'キャリア', '2024-09-12', '学校', 1, '11:10-12:40', '2024-10-25 13:11:55'),
(207, 5, 'セキュリティ診断', '2024-09-11', '学校', 2, '13:30-16:40', '2024-10-25 13:11:55'),
(208, 12, 'ビジネス実務II', '2024-09-30', '学校', 1, '09:30-11:00', '2024-10-25 13:11:55'),
(209, 2, '地域課題IT', '2024-09-30', '学校', 2, '13:30-16:40', '2024-10-25 13:11:55'),
(210, 9, 'CCラボ', '2024-10-01', '学校', 1, '13:30-15:00', '2024-10-25 13:11:55'),
(211, 12, 'CCラボ', '2024-10-01', '学校', 1, '13:30-15:00', '2024-10-25 13:11:55'),
(212, 13, 'グローバルスタディ', '2024-10-01', '学校', 1, '15:10-16:40', '2024-10-25 13:11:55'),
(213, 18, 'Web情報', '2024-10-02', '学校', 1, '09:30-11:00', '2024-10-25 13:11:55'),
(214, 4, 'キャリア', '2024-10-02', '学校', 1, '15:10-16:40', '2024-10-25 13:11:55'),
(215, 6, 'ELII日本語', '2024-10-03', '学校', 1, '09:30-11:00', '2024-10-25 13:11:55'),
(216, 7, 'ELII英語', '2024-10-03', '学校', 1, '09:30-11:00', '2024-10-25 13:11:55'),
(217, 1, '開発演習', '2024-10-03', '学校', 1, '11:10-12:40', '2024-10-25 13:11:55'),
(218, 2, 'AI', '2024-10-03', '学校', 2, '13:30-16:40', '2024-10-25 13:11:55'),
(219, 1, '開発演習', '2024-10-04', '学校', 1, '11:10-12:40', '2024-10-25 13:11:55'),
(220, 5, 'セキュリティ診断', '2024-10-04', '学校', 2, '13:30-16:40', '2024-10-25 13:11:55'),
(221, 3, 'セキュリティ診断', '2024-10-07', '学校', 2, '09:30-12:40', '2024-10-25 13:11:55'),
(222, 2, '地域課題IT', '2024-10-07', '学校', 2, '13:30-16:40', '2024-10-25 13:11:55'),
(223, 12, 'ビジネス実務II', '2024-10-08', '学校', 1, '09:30-11:00', '2024-10-25 13:11:55'),
(224, 9, 'CCラボ', '2024-10-08', '学校', 1, '13:30-15:00', '2024-10-25 13:11:55'),
(225, 12, 'CCラボ', '2024-10-08', '学校', 1, '13:30-15:00', '2024-10-25 13:11:55'),
(226, 18, 'Web情報', '2024-10-09', '学校', 1, '09:30-11:00', '2024-10-25 13:11:55'),
(227, 4, 'キャリア', '2024-10-09', '学校', 1, '15:10-16:40', '2024-10-25 13:11:55'),
(228, 6, 'ELII日本語', '2024-10-10', '学校', 1, '09:30-11:00', '2024-10-25 13:11:55'),
(229, 7, 'ELII英語', '2024-10-10', '学校', 1, '09:30-11:00', '2024-10-25 13:11:55'),
(230, 1, '開発演習', '2024-10-10', '学校', 1, '11:10-12:40', '2024-10-25 13:11:55'),
(231, 2, 'AI', '2024-10-10', '学校', 2, '13:30-16:40', '2024-10-25 13:11:55'),
(232, 1, '開発演習', '2024-10-11', '学校', 1, '11:10-12:40', '2024-10-25 13:11:55'),
(233, 9, 'CCラボ', '2024-10-11', '学校', 1, '13:30-15:00', '2024-10-25 13:11:55'),
(234, 12, 'CCラボ', '2024-10-11', '学校', 1, '13:30-15:00', '2024-10-25 13:11:55'),
(235, 12, 'ビジネス実務II', '2024-09-17', '学校', 1, '09:30-11:00', '2024-10-25 13:11:55'),
(236, 9, 'CCラボ', '2024-09-17', '学校', 1, '13:30-15:00', '2024-10-25 13:11:55'),
(237, 12, 'CCラボ', '2024-09-17', '学校', 1, '13:30-15:00', '2024-10-25 13:11:55'),
(238, 13, 'グローバルスタディ', '2024-09-17', '学校', 1, '15:10-16:40', '2024-10-25 13:11:55'),
(239, 18, 'Web情報', '2024-09-18', '学校', 1, '09:30-11:00', '2024-10-25 13:11:55'),
(240, 1, '業務効率化', '2024-09-18', '学校', 1, '11:10-12:40', '2024-10-25 13:11:55'),
(241, 6, 'ELII日本語', '2024-09-18', '学校', 2, '13:30-16:40', '2024-10-25 13:11:55'),
(242, 6, 'ELII日本語', '2024-09-19', '学校', 1, '09:30-11:00', '2024-10-25 13:11:55'),
(243, 7, 'ELII英語', '2024-09-19', '学校', 1, '09:30-11:00', '2024-10-25 13:11:55'),
(244, 4, 'キャリア', '2024-09-19', '学校', 1, '11:10-12:40', '2024-10-25 13:11:55'),
(245, 21, '次世代II', '2024-09-20', '学校', 1, '11:10-12:40', '2024-10-25 13:11:55'),
(246, 5, 'セキュリティ診断', '2024-09-20', '学校', 2, '13:30-16:40', '2024-10-25 13:11:55'),
(247, 12, 'ビジネス実務II', '2024-10-15', '学校', 1, '09:30-11:00', '2024-10-25 13:11:55'),
(248, 9, 'CCラボ', '2024-10-15', '学校', 1, '13:30-15:00', '2024-10-25 13:11:55'),
(249, 12, 'CCラボ', '2024-10-15', '学校', 1, '13:30-15:00', '2024-10-25 13:11:55'),
(250, 18, 'Web情報', '2024-10-16', '学校', 1, '09:30-11:00', '2024-10-25 13:11:55'),
(251, 4, 'キャリア', '2024-10-16', '学校', 1, '15:10-16:40', '2024-10-25 13:11:55'),
(252, 6, 'ELII日本語', '2024-10-17', '学校', 1, '09:30-11:00', '2024-10-25 13:11:55'),
(253, 7, 'ELII英語', '2024-10-17', '学校', 1, '09:30-11:00', '2024-10-25 13:11:55'),
(254, 1, '開発演習', '2024-10-17', '学校', 1, '11:10-12:40', '2024-10-25 13:11:55'),
(255, 2, 'AI', '2024-10-17', '学校', 2, '13:30-16:40', '2024-10-25 13:11:55'),
(256, 21, '次世代II', '2024-10-18', '学校', 3, '11:10-16:40', '2024-10-25 13:11:55'),
(257, 2, '地域課題IT', '2024-10-21', '学校', 2, '13:30-16:40', '2024-10-25 13:11:55'),
(258, 12, 'ビジネス実務II', '2024-10-22', '学校', 1, '09:30-11:00', '2024-10-25 13:11:55'),
(259, 18, 'Web情報', '2024-10-23', '学校', 1, '09:30-11:00', '2024-10-25 13:11:55'),
(260, 4, 'キャリア', '2024-10-23', '学校', 1, '15:10-16:40', '2024-10-25 13:11:55'),
(261, 6, 'ELII日本語', '2024-10-24', '学校', 1, '09:30-11:00', '2024-10-25 13:11:55'),
(262, 7, 'ELII英語', '2024-10-24', '学校', 1, '09:30-11:00', '2024-10-25 13:11:55'),
(263, 1, '開発演習', '2024-10-24', 'オンライ', 1, '11:10-12:40', '2024-10-25 13:11:55'),
(264, 2, 'AI', '2024-10-24', '学校', 2, '13:30-16:40', '2024-10-25 13:11:55'),
(265, 1, '開発演習', '2024-10-25', '学校', 1, '11:10-12:40', '2024-10-25 13:11:55'),
(266, 5, 'セキュリティ診断', '2024-10-25', '学校', 2, '13:30-16:40', '2024-10-25 13:11:55'),
(267, 12, 'ビジネス実務II', '2024-10-29', '学校', 1, '09:30-11:00', '2024-10-25 13:11:55'),
(268, 13, 'グローバルスタディ', '2024-10-29', '学校', 1, '13:30-15:00', '2024-10-25 13:11:55'),
(269, 18, 'Web情報', '2024-10-30', '学校', 1, '09:30-11:00', '2024-10-25 13:11:55'),
(270, 4, 'キャリア', '2024-10-30', '学校', 1, '15:10-16:40', '2024-10-25 13:11:55'),
(271, 6, 'ELII日本語', '2024-10-31', '学校', 1, '09:30-11:00', '2024-10-25 13:11:55'),
(272, 7, 'ELII英語', '2024-10-31', '学校', 1, '09:30-11:00', '2024-10-25 13:11:55'),
(273, 1, '開発演習', '2024-10-31', 'オンライ', 1, '11:10-12:40', '2024-10-25 13:11:55'),
(274, 24, 'AI', '2024-10-31', '学校', 2, '13:30-16:40', '2024-10-25 13:11:55'),
(275, 1, '開発演習', '2024-11-01', '学校', 1, '11:10-12:40', '2024-10-25 13:11:55'),
(276, 5, 'セキュリティ診断', '2024-11-01', '学校', 2, '13:30-16:40', '2024-10-25 13:11:55'),
(277, 1, '開発演習II', '2024-10-25', '学校', 1, '11:10-12:40', '2024-10-25 13:11:55'),
(278, 1, '開発演習II', '2024-10-25', '学校', 1, '11:10-12:40', '2024-10-25 13:11:55'),
(279, 1, '開発演習II', '2024-10-25', '学校', 1, '11:10-12:40', '2024-10-25 13:11:55'),
(280, 1, '開発演習II', '2024-10-25', '学校', 1, '11:10-12:40', '2024-10-25 13:11:55'),
(281, 1, '開発演習II', '2024-10-25', '学校', 1, '11:10-12:40', '2024-10-25 13:11:55'),
(282, 1, '開発演習II', '2024-10-25', '学校', 1, '11:10-12:40', '2024-10-25 13:11:55'),
(283, 1, '開発演習II', '2024-10-25', '学校', 1, '11:10-12:40', '2024-10-25 13:11:55'),
(284, 1, '開発演習II', '2024-10-25', '学校', 1, '11:10-12:40', '2024-10-25 13:11:55'),
(285, 1, '開発演習II', '2024-10-25', '学校', 1, '11:10-12:40', '2024-10-25 13:11:55'),
(287, 1, '開発練習', '2024-11-28', 'オンライン', 1, '11:10-12:40', '2024-11-28 11:49:00'),
(291, 1, '開発練習', '2024-11-29', '学校', 1, '11:10-12:40', '2024-11-29 12:18:45'),
(298, 1, '開発演習', '2024-12-20', '学校', 1, '11:10-12:40', '2024-12-20 10:27:01'),
(299, 1, '開発演習', '2024-12-20', '学校', 1, '11:10-12:40', '2024-12-20 10:41:12'),
(300, 9, 'CCラボ', '2024-12-02', '学校', 1, '11:10-12:40', '2024-12-20 11:37:33'),
(301, 1, '開発演習', '2024-12-20', '学校', 1, '11:10-12:40', '2024-12-20 11:37:58'),
(305, 6, 'EL日本語', '2025-01-16', NULL, NULL, '9:30-11:00', '2025-01-16 12:25:43'),
(306, 1, '開発演習', '2025-01-17', '学校', 4, '09:30-11:00', '2025-01-17 10:36:16'),
(307, 1, '開発演習', '2025-01-17', 'オンライン', 4, '11:10-12:40', '2025-01-17 10:36:16'),
(312, 3, 'セキュリティ診断', '2025-01-17', '学校', 2, '13:30-15:00', '2025-01-17 10:44:27'),
(313, 3, 'セキュリティ診断', '2025-01-17', '学校', 2, '15:10-16:40', '2025-01-17 10:44:27'),
(314, 2, '地域課題X IT', '2025-01-20', '学校', 4, '09:30-11:00', '2025-01-17 10:51:17'),
(315, 2, '地域課題X IT', '2025-01-20', '学校', 4, '11:10-12:40', '2025-01-17 10:51:17'),
(316, 2, '地域課題X IT', '2025-01-20', '学校', 4, '13:30-15:00', '2025-01-17 10:51:17'),
(317, 2, '地域課題X IT', '2025-01-20', '学校', 4, '15:10-16:40', '2025-01-17 10:51:17'),
(318, 18, 'Web情報', '2025-01-22', '学校', 1, '09:30-11:00', '2025-01-22 09:58:26'),
(319, 18, 'Web情報', '2025-02-05', 'オンライン', 1, '09:30-11:00', '2025-01-29 14:36:39'),
(320, 1, '開発演習', '2025-01-30', '学校', 1, '11:10-12:40', '2025-01-30 12:27:09'),
(321, 5, 'セキュリティ診断', '2025-02-07', '学校', 2, '13:30-15:00', '2025-01-30 21:17:30'),
(322, 5, 'セキュリティ診断', '2025-02-07', '学校', 2, '15:10-16:40', '2025-01-30 21:17:30'),
(323, 9, 'CCラボ', '2025-02-10', '学校', 1, '13:30-15:00', '2025-02-04 15:23:14'),
(324, 5, 'セキュリティ診断', '2025-02-14', 'オンライン', 2, '13:30-15:00', '2025-02-04 15:24:29'),
(325, 5, 'セキュリティ診断', '2025-02-14', 'オンライン', 2, '15:10-16:40', '2025-02-04 15:24:29'),
(326, 5, 'セキュリティ診断', '2025-02-14', '学校', 2, '09:30-11:00', '2025-02-04 15:24:59'),
(327, 5, 'セキュリティ診断', '2025-02-14', '学校', 2, '11:10-12:40', '2025-02-04 15:24:59'),
(328, 1, '開発演習', '2025-02-14', '学校', 2, '09:30-11:00', '2025-02-04 15:26:14'),
(329, 1, '開発演習', '2025-02-14', '学校', 2, '11:10-12:40', '2025-02-04 15:26:14'),
(330, 2, '地域課題X IT', '2025-02-12', 'オンライン', 1, '11:10-12:40', '2025-02-05 11:47:42'),
(333, 1, '開発演習', '2025-02-06', 'オンライン', 1, '09:30-11:00', '2025-02-06 11:40:37'),
(334, 6, 'EL日本語II', '2025-02-06', '学校', 1, '11:10-12:40', '2025-02-06 11:40:54'),
(335, 2, '地域課題X IT', '2025-02-06', 'オンライン', 1, '11:10-12:40', '2025-02-06 12:25:20'),
(336, 13, 'グローバルスタデ', '2025-02-06', 'オンライン', 2, '11:10-12:40', '2025-02-06 14:40:18'),
(337, 13, 'グローバルスタデ', '2025-02-06', 'オンライン', 2, '13:30-15:00', '2025-02-06 14:40:18'),
(338, 12, 'ビジネス実務II', '2025-02-07', '学校', 1, '11:10-12:40', '2025-02-07 11:48:50'),
(339, 13, 'グローバルスタデ', '2025-02-07', '学校', 2, '11:10-12:40', '2025-02-07 14:06:09'),
(340, 13, 'グローバルスタデ', '2025-02-07', '学校', 2, '13:30-15:00', '2025-02-07 14:06:09');

-- --------------------------------------------------------

--
-- Table structure for table `password_resets`
--

CREATE TABLE IF NOT EXISTS `password_resets` (
  `id` int NOT NULL AUTO_INCREMENT,
  `email` varchar(255) CHARACTER SET utf8mb4 COLLATE utf8mb4_general_ci NOT NULL,
  `token` varchar(255) CHARACTER SET utf8mb4 COLLATE utf8mb4_general_ci NOT NULL,
  `expires` int NOT NULL,
  PRIMARY KEY (`id`)
) ENGINE=InnoDB  DEFAULT CHARSET=utf8mb4 COLLATE=utf8mb4_general_ci AUTO_INCREMENT=23 ;

--
-- Dumping data for table `password_resets`
--

INSERT INTO `password_resets` (`id`, `email`, `token`, `expires`) VALUES
(1, 'i23004.devendra@iica.jp', '94992b58c17cfcad813c1caa0c34b025fc4523cddd6c84c6fe41247b381d71fbcb92c86ffb52e6e1630dedbb51f62560519c', 1729048370),
(2, 'i23004.devendra@iica.jp', 'e84446f83d844a8e78e46f1ce013ea30a8c5495eebb0a26fdf2091fc6d8a99aeceac55baf3365601a1c8275dddea61f51b6d', 1729048596),
(3, 'i23004.devendra@iica.jp', 'c6cc1698e129fd7f58dd4dda7e6b6c8a61b0b996b94de96ea7152ed70047c84f2504b1021e0034734060c5097e5a8e0ffe32', 1729048745),
(4, 'i23004.devendra@iica.jp', '4aa895d99cdc3e39df539d4dfada19edb2127d3477a61df86330818561d40a1b54aef50ceed0024baff9ec58ab38c17a0c37', 1729049019),
(5, 'i23004.devendra@iica.jp', 'ac5b00a11f53593df1dd722e08fb8cec5b0290761063f688043892049a8a0f6bd227f77632a65681e8e63a635790fdfb1a81', 1729050326),
(6, 'i23004.devendra@iica.jp', '9e67e0447775811d852ee33f8e5e29c8fa3f14f7c4f8ebfd3a612e201d21e11b266dc94b9b78dd4dbcb304e7f03f4b0a7dc1', 1729050835),
(8, 'i23004.devendra@iica.jp', '10a7232e793dc343887c2dc09026e196bddf4957b44f21225326dbb738b4d9ddb518fbad037fb3a7b60cdfbf93f5393aa237', 1729053556),
(9, 'i23004.devendra@iica.jp', '5da0170d5f3f9a20f31466105b2adb23a0252bd69532579c13a2de541742481b5738e27a53d9a007bf70edefd7c33b3c414e', 1729053563),
(10, 'i23004.devendra@iica.jp', '49d94d1b7ab439bea10e8061297cc559de62ce500480146f60afd673b49e9d3d2877ed8a801816426688915ddaa2192dec50', 1729063068),
(14, 'i23004.devendra@iica.jp', 'ab74697e0a3630b387ab977ced48a2f856f0b4b44f710addbd23433626354547b3a2910eabf8960c982cf5177f8037c167d9', 1729152924),
(15, 'i23004.devendra@iica.jp', '4dcd9e08ca99d1567303ed34e38dd82c14b068e1504e94519b536ded148531aa4365e3e32cfa78b58787099d069e06da59b5', 1729153043),
(16, 'i23004.devendra@iica.jp', 'eb9cdafb28ab389ae2463574456ec64cd1041c10f6f1e29a7458266135d2d31e8e8dbbb81c87e2b39ab63b4ed116b4051963', 1729153096),
(17, 'i23004.devendra@iica.jp', '565fd1ce4d07403e82dd505d405c09fa120be93a5283068afd6d1f2c9d420ff98f7002e73b98f22169128d3aed2b08df8360', 1729153443),
(19, 'i23006.mayoo@iica.jp', '7e220b30be31689e0215f905f6a0fe2f3e5456a1519314a13e21d462f5d478865365b1f922cf182e79f2eb0615eb1cb3ffb7', 1738129672),
(21, 'i23006.mayoo@iica.jp', '3c84e6c959feffd64b347e74b5a40568ad6e49ef629c1ff2ef41f4c11b4905b45dfd897beaccce01d9877864f9fc9466d9c6', 1738224297),
(23, 'i23004.devendra@iica.jp', '94133d552c13144f3649f3f960af4267def15dd6c12f0ed390025195d278f92622cbf3142cc795ac6cbe5097b620ccc1780e', 1738251005);

-- --------------------------------------------------------

--
-- Table structure for table `subject`
--

CREATE TABLE IF NOT EXISTS `subject` (
  `id` int NOT NULL AUTO_INCREMENT,
  `subject_name` varchar(255) CHARACTER SET utf8mb4 COLLATE utf8mb4_general_ci NOT NULL,
  `teacher_id` int DEFAULT NULL,
  `subject_code` varchar(50) CHARACTER SET utf8mb4 COLLATE utf8mb4_general_ci DEFAULT NULL,
  `teacher_name` varchar(255) CHARACTER SET utf8mb4 COLLATE utf8mb4_general_ci DEFAULT NULL,
  PRIMARY KEY (`id`),
  KEY `fk_teacher` (`teacher_id`)
) ENGINE=InnoDB  DEFAULT CHARSET=utf8mb4 COLLATE=utf8mb4_general_ci AUTO_INCREMENT=17 ;

--
-- Dumping data for table `subject`
--

INSERT INTO `subject` (`id`, `subject_name`, `teacher_id`, `subject_code`, `teacher_name`) VALUES
(1, '地域課題X IT', 2, 'it2002', '岩木'),
(2, 'ビジネス実務II', 12, 'git2012', '宮崎'),
(3, 'CCラボ', 9, 'git2009', '鈴木'),
(4, 'グローバルスタデ', 13, 'git2013', '木下'),
(5, 'Web情報', 18, 'it2018', '孫'),
(6, '開発演習', 1, 'it2001', '森田'),
(7, 'セキュリティ診断', 3, 'it2003', '伴'),
(8, 'セキュリティ診断', 5, 'it2003', '吉井'),
(9, 'EL日本語II', 6, 'git2006', '副島');

-- --------------------------------------------------------

--
-- Table structure for table `teacher`
--

CREATE TABLE IF NOT EXISTS `teacher` (
  `teacher_id` int NOT NULL AUTO_INCREMENT,
  `sensei_id` varchar(255) CHARACTER SET utf8mb4 COLLATE utf8mb4_general_ci DEFAULT NULL,
  `name` varchar(255) CHARACTER SET utf8mb4 COLLATE utf8mb4_general_ci NOT NULL,
  `email` varchar(255) CHARACTER SET utf8mb4 COLLATE utf8mb4_general_ci NOT NULL,
  `hourly_rate` int NOT NULL,
  `kyori` int DEFAULT NULL,
  `per_kilometer_rate` int DEFAULT NULL,
  PRIMARY KEY (`teacher_id`)
) ENGINE=InnoDB  DEFAULT CHARSET=utf8mb4 COLLATE=utf8mb4_general_ci ROW_FORMAT=COMPACT AUTO_INCREMENT=48 ;

--
-- Dumping data for table `teacher`
--

INSERT INTO `teacher` (`teacher_id`, `sensei_id`, `name`, `email`, `hourly_rate`, `kyori`, `per_kilometer_rate`) VALUES
(1, 'IS003', '森田', 'morita@iica.jp', 500000, 127, 20),
(2, 'IS004', '岩木', 'iwaki@iica.jp', 20000, 127, 20),
(3, 'IS007', '伴', 'ban@iica.jp', 20000, 130, 20),
(4, 'IS015', '田上', 'tanoue@iica.jp', 20000, 35, 20),
(5, 'IS006', '吉井', 'yoshii@iica.jp', 20000, 130, 20),
(6, 'IS018', '副島', 'soejima@iica.jp', 20000, 35, 20),
(7, 'IS010', '夏井', 'natui@iica.jp', 20000, 10, 20),
(9, 'IS009', '鈴木', 'suzuki@iica.jp', 20000, 10, 20),
(12, 'IS011', '宮崎', 'miyazaki@iica.jp', 20000, 35, 20),
(13, 'IS013', '木下', 'kinosita@iica.jp', 20000, 35, 20),
(18, 'IS001', '孫', 'sun@iica.jp', 20000, 35, 20),
(19, 'IS014', '馬場', 'baba@iica.jp', 20000, 1200, 20),
(20, 'IS008', '小山', 'oyama@iica.jp', 20000, 35, 20),
(21, 'IS016', '井手', 'idea@iica.jp', 30000, 20, 20),
(24, 'IS005', '石川', 'ishikawa@iica.jp', 14000, 12, 20),
(41, 'IS017', '堀口', 'horiguchi@iica.jp', 20000, 150, NULL),
(43, 'IS012', 'inoue', 'inoue@iica.jp', 20000, 50, NULL);

-- --------------------------------------------------------

--
-- Table structure for table `timetable`
--

CREATE TABLE IF NOT EXISTS `timetable` (
  `id` int NOT NULL AUTO_INCREMENT,
  `teacher_name` varchar(15) CHARACTER SET utf8mb4 COLLATE utf8mb4_general_ci NOT NULL,
  `subject` varchar(255) CHARACTER SET utf8mb4 COLLATE utf8mb4_general_ci NOT NULL,
  `lecture_date` date NOT NULL,
  `start_time` time DEFAULT NULL,
  `end_time` time DEFAULT NULL,
  `classroom` varchar(100) CHARACTER SET utf8mb4 COLLATE utf8mb4_general_ci DEFAULT NULL,
  PRIMARY KEY (`id`)
) ENGINE=InnoDB  DEFAULT CHARSET=utf8mb4 COLLATE=utf8mb4_general_ci ROW_FORMAT=COMPACT AUTO_INCREMENT=379 ;

--
-- Dumping data for table `timetable`
--

INSERT INTO `timetable` (`id`, `teacher_name`, `subject`, `lecture_date`, `start_time`, `end_time`, `classroom`) VALUES
(25, '', 'ビジネス実務II', '2024-04-16', '00:00:00', NULL, NULL),
(26, '', 'CCラボ', '2024-04-16', '00:00:00', NULL, NULL),
(27, '', '海外研修', '2024-04-16', '00:00:00', NULL, NULL),
(28, '', 'Web情報', '2024-04-17', '00:00:00', NULL, NULL),
(29, '', '業務効率化', '2024-04-17', '00:00:00', NULL, NULL),
(30, '', 'セキュリティー診断', '2024-09-06', '00:00:00', NULL, NULL),
(31, '', 'ELII英語', '2024-04-18', '00:00:00', NULL, NULL),
(32, '', 'ELII日本語', '2024-04-18', '00:00:00', NULL, NULL),
(33, '', 'ELⅡ英語', '2024-09-06', '00:00:00', NULL, NULL),
(34, '', 'キャリア', '2024-04-18', '00:00:00', NULL, NULL),
(35, '', 'デタビﾞ実践', '2024-04-18', '00:00:00', NULL, NULL),
(36, '', 'ELⅡ英語', '2024-09-06', '00:00:00', NULL, NULL),
(37, '', 'セキュリティ診断', '2024-04-19', '00:00:00', NULL, NULL),
(38, '', 'AI', '2024-04-19', '00:00:00', NULL, NULL),
(39, '', 'ビジネス実務II', '2024-04-23', '00:00:00', NULL, NULL),
(40, '', '阿蘇×DXII', '2024-04-24', '00:00:00', NULL, NULL),
(41, '', 'セキュリティ診断', '2024-04-26', '00:00:00', NULL, NULL),
(42, '', 'AI', '2024-04-26', '00:00:00', NULL, NULL),
(43, '', 'デタビ実践', '2024-04-25', '00:00:00', NULL, NULL),
(44, '', 'ELII英語', '2024-04-25', '00:00:00', NULL, NULL),
(45, '', 'Web情報', '2024-04-24', '00:00:00', NULL, NULL),
(46, '', '業務効率化', '2024-04-24', '00:00:00', NULL, NULL),
(47, '', 'CCラボ', '2024-04-23', '00:00:00', NULL, NULL),
(48, '', 'CCラボ', '2024-04-23', '00:00:00', NULL, NULL),
(49, '', 'グローバルスタディ', '2024-04-23', '00:00:00', NULL, NULL),
(50, '', 'ビジネス実務II', '2024-05-07', '00:00:00', NULL, NULL),
(51, '', 'CCラボ', '2024-05-07', '00:00:00', NULL, NULL),
(52, '', 'CCラボ', '2024-05-07', '00:00:00', NULL, NULL),
(53, '', '海外研修', '2024-05-07', '00:00:00', NULL, NULL),
(54, '', 'Web情報', '2024-05-08', '00:00:00', NULL, NULL),
(55, '', '業務効率化', '2024-05-08', '00:00:00', NULL, NULL),
(56, '', 'デタビ実践', '2024-05-09', '00:00:00', NULL, NULL),
(57, '', 'ELII日本語', '2024-05-09', '00:00:00', NULL, NULL),
(58, '', 'ELII英語', '2024-05-09', '00:00:00', NULL, NULL),
(59, '', 'セキュリティ診断', '2024-05-10', '00:00:00', NULL, NULL),
(60, '', 'ビジネス実務II', '2024-05-14', '00:00:00', NULL, NULL),
(61, '', 'CCラボ', '2024-05-14', '00:00:00', NULL, NULL),
(62, '', 'CCラボ', '2024-05-14', '00:00:00', NULL, NULL),
(63, '', 'グローバルスタディ', '2024-05-14', '00:00:00', NULL, NULL),
(64, '', 'Web情報', '2024-05-15', '00:00:00', NULL, NULL),
(65, '', '業務効率化', '2024-05-15', '00:00:00', NULL, NULL),
(66, '', '阿蘇×DX', '2024-05-15', '00:00:00', NULL, NULL),
(67, '', 'ELII日本語', '2024-05-16', '00:00:00', NULL, NULL),
(68, '', 'ELII英語', '2024-05-16', '00:00:00', NULL, NULL),
(75, '', '阿蘇×DX', '2024-05-15', '00:00:00', NULL, NULL),
(76, '', 'ELII日本語', '2024-05-16', '00:00:00', NULL, NULL),
(77, '', 'ELII英語', '2024-05-16', '00:00:00', NULL, NULL),
(78, '', 'デタビ実践', '2024-05-16', '00:00:00', NULL, NULL),
(79, '', 'AI', '2024-05-17', '00:00:00', NULL, NULL),
(80, '', 'セキュリティ診断', '2024-05-17', '00:00:00', NULL, NULL),
(81, '', 'ビジネス実務II', '2024-05-21', '00:00:00', NULL, NULL),
(82, '', 'CCラボ', '2024-05-21', '00:00:00', NULL, NULL),
(83, '', 'CCラボ', '2024-05-21', '00:00:00', NULL, NULL),
(84, '', 'グローバルスタディ', '2024-05-21', '00:00:00', NULL, NULL),
(85, '', 'Web情報', '2024-05-22', '00:00:00', NULL, NULL),
(86, '', '業務効率化', '2024-05-22', '00:00:00', NULL, NULL),
(87, '', '阿蘇×DX', '2024-05-22', '00:00:00', NULL, NULL),
(88, '', 'ELII日本語', '2024-05-23', '00:00:00', NULL, NULL),
(89, '', 'ELII英語', '2024-05-23', '00:00:00', NULL, NULL),
(90, '', 'キャリア', '2024-05-23', '00:00:00', NULL, NULL),
(91, '', 'デタビ実践', '2024-05-23', '00:00:00', NULL, NULL),
(92, '', 'セキュリティ診断', '2024-05-24', '00:00:00', NULL, NULL),
(93, '', 'ビジネス実務II', '2024-05-28', '00:00:00', NULL, NULL),
(94, '', '海外研修', '2024-05-28', '00:00:00', NULL, NULL),
(95, '', 'Web情報', '2024-05-29', '00:00:00', NULL, NULL),
(96, '', '業務効率化', '2024-05-29', '00:00:00', NULL, NULL),
(97, '', 'ELII日本語', '2024-05-30', '00:00:00', NULL, NULL),
(98, '', 'ELII英語', '2024-05-30', '00:00:00', NULL, NULL),
(99, '', 'キャリア', '2024-05-30', '00:00:00', NULL, NULL),
(100, '', 'デタビ実践', '2024-05-30', '00:00:00', NULL, NULL),
(101, '', 'AI', '2024-05-31', '00:00:00', NULL, NULL),
(102, '', 'セキュリティ診断', '2024-05-31', '00:00:00', NULL, NULL),
(103, '', 'ビジネス実務II', '2024-06-04', '00:00:00', NULL, NULL),
(104, '', 'CCラボ', '2024-06-04', '00:00:00', NULL, NULL),
(105, '', '海外研修', '2024-06-04', '00:00:00', NULL, NULL),
(106, '', 'Web情報', '2024-06-05', '00:00:00', NULL, NULL),
(107, '', '業務効率化', '2024-06-05', '00:00:00', NULL, NULL),
(108, '', 'ELII日本語', '2024-06-06', '00:00:00', NULL, NULL),
(109, '', 'ELII英語', '2024-06-06', '00:00:00', NULL, NULL),
(110, '', 'キャリア', '2024-06-06', '00:00:00', NULL, NULL),
(111, '', 'デタビ実践', '2024-06-06', '00:00:00', NULL, NULL),
(112, '', 'セキュリティ診断', '2024-06-07', '00:00:00', NULL, NULL),
(113, '', '次世代II', '2024-06-10', '00:00:00', NULL, NULL),
(114, '', 'ビジネス実務II', '2024-06-11', '00:00:00', NULL, NULL),
(115, '', 'CCラボ', '2024-06-11', '00:00:00', NULL, NULL),
(117, '', 'グローバルスタディ', '2024-06-11', '00:00:00', NULL, NULL),
(118, '', 'Web情報', '2024-06-12', '00:00:00', NULL, NULL),
(119, '', '業務効率化', '2024-06-12', '00:00:00', NULL, NULL),
(120, '', '阿蘇×DX', '2024-06-12', '00:00:00', NULL, NULL),
(121, '', 'ELII日本語', '2024-06-13', '00:00:00', NULL, NULL),
(122, '', 'ELII英語', '2024-06-13', '00:00:00', NULL, NULL),
(123, '', 'キャリア', '2024-06-13', '00:00:00', NULL, NULL),
(124, '', 'デタビ実践', '2024-06-13', '00:00:00', NULL, NULL),
(125, '', 'AI', '2024-06-14', '00:00:00', NULL, NULL),
(126, '', 'セキュリティ診断', '2024-06-14', '00:00:00', NULL, NULL),
(127, '', 'ビジネス実務II', '2024-06-18', '00:00:00', NULL, NULL),
(128, '', 'CCラボ', '2024-06-18', '00:00:00', NULL, NULL),
(129, '', 'グローバルスタディ', '2024-06-18', '00:00:00', NULL, NULL),
(130, '', 'Web情報', '2024-06-19', '00:00:00', NULL, NULL),
(131, '', '業務効率化', '2024-06-19', '00:00:00', NULL, NULL),
(132, '', 'ELII日本語', '2024-06-20', '00:00:00', NULL, NULL),
(133, '', 'ELII英語', '2024-06-20', '00:00:00', NULL, NULL),
(134, '', 'キャリア', '2024-06-20', '00:00:00', NULL, NULL),
(136, '', '次世代II', '2024-06-21', '00:00:00', NULL, NULL),
(137, '', 'セキュリティ診断', '2024-06-21', '00:00:00', NULL, NULL),
(138, '', 'CCラボ', '2024-06-04', '00:00:00', NULL, NULL),
(139, '', 'CCラボ', '2024-06-11', '00:00:00', NULL, NULL),
(140, '', 'CCラボ', '2024-06-18', '00:00:00', NULL, NULL),
(141, '', 'ビジネス実務II', '2024-06-25', '00:00:00', NULL, NULL),
(142, '', '海外研修', '2024-06-25', '00:00:00', NULL, NULL),
(143, '', 'Web情報', '2024-06-26', '00:00:00', NULL, NULL),
(144, '', '業務効率化', '2024-06-26', '00:00:00', NULL, NULL),
(145, '', 'ELII日本語', '2024-06-27', '00:00:00', NULL, NULL),
(146, '', 'ELII英語', '2024-06-27', '00:00:00', NULL, NULL),
(147, '', 'キャリア', '2024-06-27', '00:00:00', NULL, NULL),
(148, '', 'AI', '2024-06-28', '00:00:00', NULL, NULL),
(149, '', 'セキュリティ診断', '2024-06-28', '00:00:00', NULL, NULL),
(150, '', 'ビジネス実務II', '2024-07-02', '00:00:00', NULL, NULL),
(151, '', 'CCラボ', '2024-07-02', '00:00:00', NULL, NULL),
(152, '', 'CCラボ', '2024-07-02', '00:00:00', NULL, NULL),
(154, '', 'Web情報', '2024-07-03', '00:00:00', NULL, NULL),
(155, '', '業務効率化', '2024-07-03', '00:00:00', NULL, NULL),
(156, '', 'ELII日本語', '2024-07-04', '00:00:00', NULL, NULL),
(157, '', 'ELII英語', '2024-07-04', '00:00:00', NULL, NULL),
(158, '', 'キャリア', '2024-07-04', '00:00:00', NULL, NULL),
(159, '', '次世代II', '2024-07-05', '00:00:00', NULL, NULL),
(160, '', 'セキュリティ診断', '2024-07-05', '00:00:00', NULL, NULL),
(161, '', '次世代II', '2024-07-08', '00:00:00', NULL, NULL),
(163, '', 'ビジネス実務II', '2024-07-09', '00:00:00', NULL, NULL),
(164, '', 'CCラボ', '2024-07-09', '00:00:00', NULL, NULL),
(165, '', 'CCラボ', '2024-07-09', '00:00:00', NULL, NULL),
(167, '', 'Web情報', '2024-07-10', '00:00:00', NULL, NULL),
(168, '', '業務効率化', '2024-07-10', '00:00:00', NULL, NULL),
(169, '', '阿蘇×DX', '2024-07-10', '00:00:00', NULL, NULL),
(170, '', 'ELII日本語', '2024-07-11', '00:00:00', NULL, NULL),
(171, '', 'ELII英語', '2024-07-11', '00:00:00', NULL, NULL),
(172, '', 'キャリア', '2024-07-11', '00:00:00', NULL, NULL),
(173, '', 'AI', '2024-07-12', '00:00:00', NULL, NULL),
(174, '', 'セキュリティ診断', '2024-07-12', '00:00:00', NULL, NULL),
(175, '', 'ビジネス実務II', '2024-07-16', '00:00:00', NULL, NULL),
(176, '', 'CCラボ', '2024-07-16', '00:00:00', NULL, NULL),
(177, '', 'CCラボ', '2024-07-16', '00:00:00', NULL, NULL),
(178, '', 'Web情報', '2024-07-17', '00:00:00', NULL, NULL),
(179, '', '業務効率化', '2024-07-17', '00:00:00', NULL, NULL),
(180, '', 'ELII日本語', '2024-07-18', '00:00:00', NULL, NULL),
(181, '', 'ELII英語', '2024-07-18', '00:00:00', NULL, NULL),
(182, '', 'キャリア', '2024-07-18', '00:00:00', NULL, NULL),
(183, '', 'セキュリティ診断', '2024-07-19', '00:00:00', NULL, NULL),
(184, '', 'ビジネス実務II', '2024-09-03', '00:00:00', NULL, NULL),
(185, '', '業務効率化', '2024-09-03', '00:00:00', NULL, NULL),
(186, '', 'CCラボ', '2024-09-03', '00:00:00', NULL, NULL),
(187, '', 'CCラボ', '2024-09-03', '00:00:00', NULL, NULL),
(188, '', 'グローバルスタディ', '2024-09-03', '00:00:00', NULL, NULL),
(189, '', 'Web情報', '2024-09-04', '00:00:00', NULL, NULL),
(190, '', '業務効率化', '2024-09-04', '00:00:00', NULL, NULL),
(191, '', '阿蘇×DX', '2024-09-04', '00:00:00', NULL, NULL),
(192, '', 'ELII日本語', '2024-09-05', '00:00:00', NULL, NULL),
(193, '', 'ELII英語', '2024-09-05', '00:00:00', NULL, NULL),
(194, '', 'キャリア', '2024-09-05', '00:00:00', NULL, NULL),
(195, '', 'AI', '2024-09-06', '00:00:00', NULL, NULL),
(196, '', 'セキュリティ診断', '2024-09-06', '00:00:00', NULL, NULL),
(197, '', 'ビジネス実務II', '2024-09-10', '00:00:00', NULL, NULL),
(198, '', 'CCラボ', '2024-09-10', '00:00:00', NULL, NULL),
(199, '', 'CCラボ', '2024-09-10', '00:00:00', NULL, NULL),
(200, '', 'グローバルスタディ', '2024-09-10', '00:00:00', NULL, NULL),
(201, '', 'Web情報', '2024-09-11', '00:00:00', NULL, NULL),
(202, '', '業務効率化', '2024-09-11', '00:00:00', NULL, NULL),
(203, '', '阿蘇×DX', '2024-09-11', '00:00:00', NULL, NULL),
(204, '', 'ELII日本語', '2024-09-12', '00:00:00', NULL, NULL),
(205, '', 'ELII英語', '2024-09-12', '00:00:00', NULL, NULL),
(206, '', 'キャリア', '2024-09-12', '00:00:00', NULL, NULL),
(207, '', 'セキュリティ診断', '2024-09-11', '00:00:00', NULL, NULL),
(208, '', 'ビジネス実務II', '2024-09-30', '00:00:00', NULL, NULL),
(209, '', '地域課題IT', '2024-09-30', '00:00:00', NULL, NULL),
(210, '', 'CCラボ', '2024-10-01', '00:00:00', NULL, NULL),
(211, '', 'CCラボ', '2024-10-01', '00:00:00', NULL, NULL),
(212, '', 'グローバルスタディ', '2024-10-01', '00:00:00', NULL, NULL),
(213, '', 'Web情報', '2024-10-02', '00:00:00', NULL, NULL),
(214, '', 'キャリア', '2024-10-02', '00:00:00', NULL, NULL),
(215, '', 'ELII日本語', '2024-10-03', '00:00:00', NULL, NULL),
(216, '', 'ELII英語', '2024-10-03', '00:00:00', NULL, NULL),
(217, '', '開発演習', '2024-10-03', '00:00:00', NULL, NULL),
(218, '', 'AI', '2024-10-03', '00:00:00', NULL, NULL),
(219, '', '開発演習', '2024-10-04', '00:00:00', NULL, NULL),
(220, '', 'セキュリティ診断', '2024-10-04', '00:00:00', NULL, NULL),
(221, '', 'セキュリティ診断', '2024-10-07', '00:00:00', NULL, NULL),
(222, '', '地域課題IT', '2024-10-07', '00:00:00', NULL, NULL),
(223, '', 'ビジネス実務II', '2024-10-08', '00:00:00', NULL, NULL),
(224, '', 'CCラボ', '2024-10-08', '00:00:00', NULL, NULL),
(225, '', 'CCラボ', '2024-10-08', '00:00:00', NULL, NULL),
(226, '', 'Web情報', '2024-10-09', '00:00:00', NULL, NULL),
(227, '', 'キャリア', '2024-10-09', '00:00:00', NULL, NULL),
(228, '', 'ELII日本語', '2024-10-10', '00:00:00', NULL, NULL),
(229, '', 'ELII英語', '2024-10-10', '00:00:00', NULL, NULL),
(230, '', '開発演習', '2024-10-10', '00:00:00', NULL, NULL),
(231, '', 'AI', '2024-10-10', '00:00:00', NULL, NULL),
(232, '', '開発演習', '2024-10-11', '00:00:00', NULL, NULL),
(233, '', 'CCラボ', '2024-10-11', '00:00:00', NULL, NULL),
(234, '', 'CCラボ', '2024-10-11', '00:00:00', NULL, NULL),
(235, '', 'ビジネス実務II', '2024-09-17', '00:00:00', NULL, NULL),
(236, '', 'CCラボ', '2024-09-17', '00:00:00', NULL, NULL),
(237, '', 'CCラボ', '2024-09-17', '00:00:00', NULL, NULL),
(238, '', 'グローバルスタディ', '2024-09-17', '00:00:00', NULL, NULL),
(239, '', 'Web情報', '2024-09-18', '00:00:00', NULL, NULL),
(240, '', '業務効率化', '2024-09-18', '00:00:00', NULL, NULL),
(241, '', 'ELII日本語', '2024-09-18', '00:00:00', NULL, NULL),
(242, '', 'ELII日本語', '2024-09-19', '00:00:00', NULL, NULL),
(243, '', 'ELII英語', '2024-09-19', '00:00:00', NULL, NULL),
(244, '', 'キャリア', '2024-09-19', '00:00:00', NULL, NULL),
(245, '', '次世代II', '2024-09-20', '00:00:00', NULL, NULL),
(246, '', 'セキュリティ診断', '2024-09-20', '00:00:00', NULL, NULL),
(247, '', 'ビジネス実務II', '2024-10-15', '00:00:00', NULL, NULL),
(248, '', 'CCラボ', '2024-10-15', '00:00:00', NULL, NULL),
(249, '', 'CCラボ', '2024-10-15', '00:00:00', NULL, NULL),
(250, '', 'Web情報', '2024-10-16', '00:00:00', NULL, NULL),
(251, '', 'キャリア', '2024-10-16', '00:00:00', NULL, NULL),
(252, '', 'ELII日本語', '2024-10-17', '00:00:00', NULL, NULL),
(253, '', 'ELII英語', '2024-10-17', '00:00:00', NULL, NULL),
(254, '', '開発演習', '2024-10-17', '00:00:00', NULL, NULL),
(255, '', 'AI', '2024-10-17', '00:00:00', NULL, NULL),
(256, '', '次世代II', '2024-10-18', '00:00:00', NULL, NULL),
(257, '', '地域課題IT', '2024-10-21', '00:00:00', NULL, NULL),
(258, '', 'ビジネス実務II', '2024-10-22', '00:00:00', NULL, NULL),
(259, '', 'Web情報', '2024-10-23', '00:00:00', NULL, NULL),
(260, '', 'キャリア', '2024-10-23', '00:00:00', NULL, NULL),
(261, '', 'ELII日本語', '2024-10-24', '00:00:00', NULL, NULL),
(262, '', 'ELII英語', '2024-10-24', '00:00:00', NULL, NULL),
(263, '', '開発演習', '2024-10-24', '00:00:00', NULL, NULL),
(264, '', 'AI', '2024-10-24', '00:00:00', NULL, NULL),
(265, '', '開発演習', '2024-10-25', '00:00:00', NULL, NULL),
(266, '', 'セキュリティ診断', '2024-10-25', '00:00:00', NULL, NULL),
(267, '', 'ビジネス実務II', '2024-10-29', '00:00:00', NULL, NULL),
(268, '', 'グローバルスタディ', '2024-10-29', '00:00:00', NULL, NULL),
(269, '', 'Web情報', '2024-10-30', '00:00:00', NULL, NULL),
(270, '', 'キャリア', '2024-10-30', '00:00:00', NULL, NULL),
(271, '', 'ELII日本語', '2024-10-31', '00:00:00', NULL, NULL),
(272, '', 'ELII英語', '2024-10-31', '00:00:00', NULL, NULL),
(273, '', '開発演習', '2024-10-31', '00:00:00', NULL, NULL),
(274, '', 'AI', '2024-10-31', '00:00:00', NULL, NULL),
(275, '', '開発演習', '2024-11-01', '00:00:00', NULL, NULL),
(276, '', 'セキュリティ診断', '2024-11-01', '00:00:00', NULL, NULL),
(277, '', '開発演習II', '2024-10-25', '00:00:00', NULL, NULL),
(278, '', '開発演習II', '2024-10-25', '00:00:00', NULL, NULL),
(279, '', '開発演習II', '2024-10-25', '00:00:00', NULL, NULL),
(280, '', '開発演習II', '2024-10-25', '00:00:00', NULL, NULL),
(281, '', '開発演習II', '2024-10-25', '00:00:00', NULL, NULL),
(282, '', '開発演習II', '2024-10-25', '00:00:00', NULL, NULL),
(283, '', '開発演習II', '2024-10-25', '00:00:00', NULL, NULL),
(284, '', '開発演習II', '2024-10-25', '00:00:00', NULL, NULL),
(285, '', '開発演習II', '2024-10-25', '00:00:00', NULL, NULL),
(287, '', '開発練習', '2024-11-28', '00:00:00', NULL, NULL),
(291, '', '開発練習', '2024-11-29', '00:00:00', NULL, NULL),
(292, '', 'ビジネス実務II', '2024-12-03', '00:00:00', NULL, NULL),
(293, '', 'WEB情報', '2024-12-04', '00:00:00', NULL, NULL),
(294, '', 'ELII日本語', '2024-12-05', '00:00:00', NULL, NULL),
(295, '', 'ELII英語', '2024-12-05', '00:00:00', NULL, NULL),
(296, '', '開発演習', '2024-12-05', '00:00:00', NULL, NULL),
(297, '', 'AI', '2024-12-05', '00:00:00', NULL, NULL),
(299, '', '0', '2024-12-19', '00:00:00', NULL, NULL),
(300, '', '開発演習', '2024-12-19', '00:00:00', NULL, NULL),
(301, '', '開発演習', '2024-12-19', '00:00:00', NULL, NULL),
(302, '', '開発演習', '2024-12-19', '00:00:00', NULL, NULL),
(303, '', '開発演習', '2024-12-19', '00:00:00', NULL, NULL),
(304, '', '開発演習', '2024-12-19', '00:00:00', NULL, NULL),
(305, '', '開発演習', '2024-12-19', '00:00:00', NULL, NULL),
(306, '', '開発演習', '2024-12-19', '00:00:00', NULL, NULL),
(321, '森田', '開発練習', '2025-01-29', '11:10:00', NULL, 'ICTI'),
(323, 'ドラ', 'ビジネス実務Ⅱ', '2025-01-29', '13:30:00', NULL, 'なか'),
(324, 'biwas', 'python', '2024-12-29', '09:30:00', '11:00:00', 'なか'),
(327, '1', '業務効率化', '2025-01-03', '09:30:00', '11:00:00', 'ICT2'),
(328, '12', 'ビジネス実務II', '2025-01-03', '11:10:00', '12:40:00', 'ICT2'),
(329, '12', 'ビジネス実務II', '2025-01-14', '11:00:00', '12:40:00', 'ICT2'),
(330, '9', 'CCラボ', '2025-01-14', '13:30:00', '15:00:00', 'たかねこ'),
(346, '森田', '開発演習', '2025-01-30', '09:30:00', '11:00:00', 'ICTI'),
(356, '孫', 'WEB情報', '2025-01-01', '09:30:00', '11:00:00', 'ICT2'),
(358, '宮嵜', 'ビジネス実務II', '2024-12-31', '09:30:00', '11:00:00', 'ICT2'),
(359, '木下', 'グローバルスタデ', '2024-12-31', '13:30:00', '15:00:00', 'たかねこ'),
(360, '副島', 'EL日本語II', '2025-01-02', '09:30:00', '11:00:00', 'しらがわ'),
(361, '孫', 'WEB情報', '2025-02-05', '09:30:00', '11:00:00', 'ICTII'),
(363, '森田', '開発演習', '2025-02-06', '11:10:00', '12:40:00', 'ICTII'),
(364, '石川', 'AI', '2025-02-06', '13:30:00', '16:40:00', 'ICTII'),
(365, '森田', '開発演習', '2025-01-30', '09:30:00', '11:00:00', 'ICTI'),
(367, '孫', 'WEB情報', '2025-02-05', '09:30:00', '11:00:00', 'ICTII'),
(368, '副島', 'EL日本語II', '2025-02-06', '09:30:00', '11:00:00', 'しらがわ'),
(372, '鈴木', 'CCラボ(成果発表)', '2025-02-07', '09:30:00', '16:40:00', 'たかねこ'),
(377, '岩木', '地域課題xIT', '2025-02-13', '09:30:00', '12:40:00', 'ICT2'),
(378, '西川', 'AI', '2025-02-13', '13:30:00', '16:40:00', 'ICT2');

-- --------------------------------------------------------

--
-- Table structure for table `timetable1`
--

CREATE TABLE IF NOT EXISTS `timetable1` (
  `id` int NOT NULL AUTO_INCREMENT,
  `teacher_name` varchar(15) CHARACTER SET utf8mb4 COLLATE utf8mb4_general_ci NOT NULL,
  `subject` varchar(255) CHARACTER SET utf8mb4 COLLATE utf8mb4_general_ci NOT NULL,
  `lecture_date` date NOT NULL,
  `start_time` time DEFAULT NULL,
  `end_time` time DEFAULT NULL,
  `classroom` varchar(100) CHARACTER SET utf8mb4 COLLATE utf8mb4_general_ci DEFAULT NULL,
  PRIMARY KEY (`id`)
) ENGINE=InnoDB  DEFAULT CHARSET=utf8mb4 COLLATE=utf8mb4_general_ci ROW_FORMAT=COMPACT AUTO_INCREMENT=385 ;

--
-- Dumping data for table `timetable1`
--

INSERT INTO `timetable1` (`id`, `teacher_name`, `subject`, `lecture_date`, `start_time`, `end_time`, `classroom`) VALUES
(25, '', 'ビジネス実務II', '2024-04-16', '00:00:00', NULL, NULL),
(26, '', 'CCラボ', '2024-04-16', '00:00:00', NULL, NULL),
(27, '', '海外研修', '2024-04-16', '00:00:00', NULL, NULL),
(28, '', 'Web情報', '2024-04-17', '00:00:00', NULL, NULL),
(29, '', '業務効率化', '2024-04-17', '00:00:00', NULL, NULL),
(30, '', 'セキュリティー診断', '2024-09-06', '00:00:00', NULL, NULL),
(31, '', 'ELII英語', '2024-04-18', '00:00:00', NULL, NULL),
(32, '', 'ELII日本語', '2024-04-18', '00:00:00', NULL, NULL),
(33, '', 'ELⅡ英語', '2024-09-06', '00:00:00', NULL, NULL),
(34, '', 'キャリア', '2024-04-18', '00:00:00', NULL, NULL),
(35, '', 'デタビﾞ実践', '2024-04-18', '00:00:00', NULL, NULL),
(36, '', 'ELⅡ英語', '2024-09-06', '00:00:00', NULL, NULL),
(37, '', 'セキュリティ診断', '2024-04-19', '00:00:00', NULL, NULL),
(38, '', 'AI', '2024-04-19', '00:00:00', NULL, NULL),
(39, '', 'ビジネス実務II', '2024-04-23', '00:00:00', NULL, NULL),
(40, '', '阿蘇×DXII', '2024-04-24', '00:00:00', NULL, NULL),
(41, '', 'セキュリティ診断', '2024-04-26', '00:00:00', NULL, NULL),
(42, '', 'AI', '2024-04-26', '00:00:00', NULL, NULL),
(43, '', 'デタビ実践', '2024-04-25', '00:00:00', NULL, NULL),
(44, '', 'ELII英語', '2024-04-25', '00:00:00', NULL, NULL),
(45, '', 'Web情報', '2024-04-24', '00:00:00', NULL, NULL),
(46, '', '業務効率化', '2024-04-24', '00:00:00', NULL, NULL),
(47, '', 'CCラボ', '2024-04-23', '00:00:00', NULL, NULL),
(48, '', 'CCラボ', '2024-04-23', '00:00:00', NULL, NULL),
(49, '', 'グローバルスタディ', '2024-04-23', '00:00:00', NULL, NULL),
(50, '', 'ビジネス実務II', '2024-05-07', '00:00:00', NULL, NULL),
(51, '', 'CCラボ', '2024-05-07', '00:00:00', NULL, NULL),
(52, '', 'CCラボ', '2024-05-07', '00:00:00', NULL, NULL),
(53, '', '海外研修', '2024-05-07', '00:00:00', NULL, NULL),
(54, '', 'Web情報', '2024-05-08', '00:00:00', NULL, NULL),
(55, '', '業務効率化', '2024-05-08', '00:00:00', NULL, NULL),
(56, '', 'デタビ実践', '2024-05-09', '00:00:00', NULL, NULL),
(57, '', 'ELII日本語', '2024-05-09', '00:00:00', NULL, NULL),
(58, '', 'ELII英語', '2024-05-09', '00:00:00', NULL, NULL),
(59, '', 'セキュリティ診断', '2024-05-10', '00:00:00', NULL, NULL),
(60, '', 'ビジネス実務II', '2024-05-14', '00:00:00', NULL, NULL),
(61, '', 'CCラボ', '2024-05-14', '00:00:00', NULL, NULL),
(62, '', 'CCラボ', '2024-05-14', '00:00:00', NULL, NULL),
(63, '', 'グローバルスタディ', '2024-05-14', '00:00:00', NULL, NULL),
(64, '', 'Web情報', '2024-05-15', '00:00:00', NULL, NULL),
(65, '', '業務効率化', '2024-05-15', '00:00:00', NULL, NULL),
(66, '', '阿蘇×DX', '2024-05-15', '00:00:00', NULL, NULL),
(67, '', 'ELII日本語', '2024-05-16', '00:00:00', NULL, NULL),
(68, '', 'ELII英語', '2024-05-16', '00:00:00', NULL, NULL),
(75, '', '阿蘇×DX', '2024-05-15', '00:00:00', NULL, NULL),
(76, '', 'ELII日本語', '2024-05-16', '00:00:00', NULL, NULL),
(77, '', 'ELII英語', '2024-05-16', '00:00:00', NULL, NULL),
(78, '', 'デタビ実践', '2024-05-16', '00:00:00', NULL, NULL),
(79, '', 'AI', '2024-05-17', '00:00:00', NULL, NULL),
(80, '', 'セキュリティ診断', '2024-05-17', '00:00:00', NULL, NULL),
(81, '', 'ビジネス実務II', '2024-05-21', '00:00:00', NULL, NULL),
(82, '', 'CCラボ', '2024-05-21', '00:00:00', NULL, NULL),
(83, '', 'CCラボ', '2024-05-21', '00:00:00', NULL, NULL),
(84, '', 'グローバルスタディ', '2024-05-21', '00:00:00', NULL, NULL),
(85, '', 'Web情報', '2024-05-22', '00:00:00', NULL, NULL),
(86, '', '業務効率化', '2024-05-22', '00:00:00', NULL, NULL),
(87, '', '阿蘇×DX', '2024-05-22', '00:00:00', NULL, NULL),
(88, '', 'ELII日本語', '2024-05-23', '00:00:00', NULL, NULL),
(89, '', 'ELII英語', '2024-05-23', '00:00:00', NULL, NULL),
(90, '', 'キャリア', '2024-05-23', '00:00:00', NULL, NULL),
(91, '', 'デタビ実践', '2024-05-23', '00:00:00', NULL, NULL),
(92, '', 'セキュリティ診断', '2024-05-24', '00:00:00', NULL, NULL),
(93, '', 'ビジネス実務II', '2024-05-28', '00:00:00', NULL, NULL),
(94, '', '海外研修', '2024-05-28', '00:00:00', NULL, NULL),
(95, '', 'Web情報', '2024-05-29', '00:00:00', NULL, NULL),
(96, '', '業務効率化', '2024-05-29', '00:00:00', NULL, NULL),
(97, '', 'ELII日本語', '2024-05-30', '00:00:00', NULL, NULL),
(98, '', 'ELII英語', '2024-05-30', '00:00:00', NULL, NULL),
(99, '', 'キャリア', '2024-05-30', '00:00:00', NULL, NULL),
(100, '', 'デタビ実践', '2024-05-30', '00:00:00', NULL, NULL),
(101, '', 'AI', '2024-05-31', '00:00:00', NULL, NULL),
(102, '', 'セキュリティ診断', '2024-05-31', '00:00:00', NULL, NULL),
(103, '', 'ビジネス実務II', '2024-06-04', '00:00:00', NULL, NULL),
(104, '', 'CCラボ', '2024-06-04', '00:00:00', NULL, NULL),
(105, '', '海外研修', '2024-06-04', '00:00:00', NULL, NULL),
(106, '', 'Web情報', '2024-06-05', '00:00:00', NULL, NULL),
(107, '', '業務効率化', '2024-06-05', '00:00:00', NULL, NULL),
(108, '', 'ELII日本語', '2024-06-06', '00:00:00', NULL, NULL),
(109, '', 'ELII英語', '2024-06-06', '00:00:00', NULL, NULL),
(110, '', 'キャリア', '2024-06-06', '00:00:00', NULL, NULL),
(111, '', 'デタビ実践', '2024-06-06', '00:00:00', NULL, NULL),
(112, '', 'セキュリティ診断', '2024-06-07', '00:00:00', NULL, NULL),
(113, '', '次世代II', '2024-06-10', '00:00:00', NULL, NULL),
(114, '', 'ビジネス実務II', '2024-06-11', '00:00:00', NULL, NULL),
(115, '', 'CCラボ', '2024-06-11', '00:00:00', NULL, NULL),
(117, '', 'グローバルスタディ', '2024-06-11', '00:00:00', NULL, NULL),
(118, '', 'Web情報', '2024-06-12', '00:00:00', NULL, NULL),
(119, '', '業務効率化', '2024-06-12', '00:00:00', NULL, NULL),
(120, '', '阿蘇×DX', '2024-06-12', '00:00:00', NULL, NULL),
(121, '', 'ELII日本語', '2024-06-13', '00:00:00', NULL, NULL),
(122, '', 'ELII英語', '2024-06-13', '00:00:00', NULL, NULL),
(123, '', 'キャリア', '2024-06-13', '00:00:00', NULL, NULL),
(124, '', 'デタビ実践', '2024-06-13', '00:00:00', NULL, NULL),
(125, '', 'AI', '2024-06-14', '00:00:00', NULL, NULL),
(126, '', 'セキュリティ診断', '2024-06-14', '00:00:00', NULL, NULL),
(127, '', 'ビジネス実務II', '2024-06-18', '00:00:00', NULL, NULL),
(128, '', 'CCラボ', '2024-06-18', '00:00:00', NULL, NULL),
(129, '', 'グローバルスタディ', '2024-06-18', '00:00:00', NULL, NULL),
(130, '', 'Web情報', '2024-06-19', '00:00:00', NULL, NULL),
(131, '', '業務効率化', '2024-06-19', '00:00:00', NULL, NULL),
(132, '', 'ELII日本語', '2024-06-20', '00:00:00', NULL, NULL),
(133, '', 'ELII英語', '2024-06-20', '00:00:00', NULL, NULL),
(134, '', 'キャリア', '2024-06-20', '00:00:00', NULL, NULL),
(136, '', '次世代II', '2024-06-21', '00:00:00', NULL, NULL),
(137, '', 'セキュリティ診断', '2024-06-21', '00:00:00', NULL, NULL),
(138, '', 'CCラボ', '2024-06-04', '00:00:00', NULL, NULL),
(139, '', 'CCラボ', '2024-06-11', '00:00:00', NULL, NULL),
(140, '', 'CCラボ', '2024-06-18', '00:00:00', NULL, NULL),
(141, '', 'ビジネス実務II', '2024-06-25', '00:00:00', NULL, NULL),
(142, '', '海外研修', '2024-06-25', '00:00:00', NULL, NULL),
(143, '', 'Web情報', '2024-06-26', '00:00:00', NULL, NULL),
(144, '', '業務効率化', '2024-06-26', '00:00:00', NULL, NULL),
(145, '', 'ELII日本語', '2024-06-27', '00:00:00', NULL, NULL),
(146, '', 'ELII英語', '2024-06-27', '00:00:00', NULL, NULL),
(147, '', 'キャリア', '2024-06-27', '00:00:00', NULL, NULL),
(148, '', 'AI', '2024-06-28', '00:00:00', NULL, NULL),
(149, '', 'セキュリティ診断', '2024-06-28', '00:00:00', NULL, NULL),
(150, '', 'ビジネス実務II', '2024-07-02', '00:00:00', NULL, NULL),
(151, '', 'CCラボ', '2024-07-02', '00:00:00', NULL, NULL),
(152, '', 'CCラボ', '2024-07-02', '00:00:00', NULL, NULL),
(154, '', 'Web情報', '2024-07-03', '00:00:00', NULL, NULL),
(155, '', '業務効率化', '2024-07-03', '00:00:00', NULL, NULL),
(156, '', 'ELII日本語', '2024-07-04', '00:00:00', NULL, NULL),
(157, '', 'ELII英語', '2024-07-04', '00:00:00', NULL, NULL),
(158, '', 'キャリア', '2024-07-04', '00:00:00', NULL, NULL),
(159, '', '次世代II', '2024-07-05', '00:00:00', NULL, NULL),
(160, '', 'セキュリティ診断', '2024-07-05', '00:00:00', NULL, NULL),
(161, '', '次世代II', '2024-07-08', '00:00:00', NULL, NULL),
(163, '', 'ビジネス実務II', '2024-07-09', '00:00:00', NULL, NULL),
(164, '', 'CCラボ', '2024-07-09', '00:00:00', NULL, NULL),
(165, '', 'CCラボ', '2024-07-09', '00:00:00', NULL, NULL),
(167, '', 'Web情報', '2024-07-10', '00:00:00', NULL, NULL),
(168, '', '業務効率化', '2024-07-10', '00:00:00', NULL, NULL),
(169, '', '阿蘇×DX', '2024-07-10', '00:00:00', NULL, NULL),
(170, '', 'ELII日本語', '2024-07-11', '00:00:00', NULL, NULL),
(171, '', 'ELII英語', '2024-07-11', '00:00:00', NULL, NULL),
(172, '', 'キャリア', '2024-07-11', '00:00:00', NULL, NULL),
(173, '', 'AI', '2024-07-12', '00:00:00', NULL, NULL),
(174, '', 'セキュリティ診断', '2024-07-12', '00:00:00', NULL, NULL),
(175, '', 'ビジネス実務II', '2024-07-16', '00:00:00', NULL, NULL),
(176, '', 'CCラボ', '2024-07-16', '00:00:00', NULL, NULL),
(177, '', 'CCラボ', '2024-07-16', '00:00:00', NULL, NULL),
(178, '', 'Web情報', '2024-07-17', '00:00:00', NULL, NULL),
(179, '', '業務効率化', '2024-07-17', '00:00:00', NULL, NULL),
(180, '', 'ELII日本語', '2024-07-18', '00:00:00', NULL, NULL),
(181, '', 'ELII英語', '2024-07-18', '00:00:00', NULL, NULL),
(182, '', 'キャリア', '2024-07-18', '00:00:00', NULL, NULL),
(183, '', 'セキュリティ診断', '2024-07-19', '00:00:00', NULL, NULL),
(184, '', 'ビジネス実務II', '2024-09-03', '00:00:00', NULL, NULL),
(185, '', '業務効率化', '2024-09-03', '00:00:00', NULL, NULL),
(186, '', 'CCラボ', '2024-09-03', '00:00:00', NULL, NULL),
(187, '', 'CCラボ', '2024-09-03', '00:00:00', NULL, NULL),
(188, '', 'グローバルスタディ', '2024-09-03', '00:00:00', NULL, NULL),
(189, '', 'Web情報', '2024-09-04', '00:00:00', NULL, NULL),
(190, '', '業務効率化', '2024-09-04', '00:00:00', NULL, NULL),
(191, '', '阿蘇×DX', '2024-09-04', '00:00:00', NULL, NULL),
(192, '', 'ELII日本語', '2024-09-05', '00:00:00', NULL, NULL),
(193, '', 'ELII英語', '2024-09-05', '00:00:00', NULL, NULL),
(194, '', 'キャリア', '2024-09-05', '00:00:00', NULL, NULL),
(195, '', 'AI', '2024-09-06', '00:00:00', NULL, NULL),
(196, '', 'セキュリティ診断', '2024-09-06', '00:00:00', NULL, NULL),
(197, '', 'ビジネス実務II', '2024-09-10', '00:00:00', NULL, NULL),
(198, '', 'CCラボ', '2024-09-10', '00:00:00', NULL, NULL),
(199, '', 'CCラボ', '2024-09-10', '00:00:00', NULL, NULL),
(200, '', 'グローバルスタディ', '2024-09-10', '00:00:00', NULL, NULL),
(201, '', 'Web情報', '2024-09-11', '00:00:00', NULL, NULL),
(202, '', '業務効率化', '2024-09-11', '00:00:00', NULL, NULL),
(203, '', '阿蘇×DX', '2024-09-11', '00:00:00', NULL, NULL),
(204, '', 'ELII日本語', '2024-09-12', '00:00:00', NULL, NULL),
(205, '', 'ELII英語', '2024-09-12', '00:00:00', NULL, NULL),
(206, '', 'キャリア', '2024-09-12', '00:00:00', NULL, NULL),
(207, '', 'セキュリティ診断', '2024-09-11', '00:00:00', NULL, NULL),
(208, '', 'ビジネス実務II', '2024-09-30', '00:00:00', NULL, NULL),
(209, '', '地域課題IT', '2024-09-30', '00:00:00', NULL, NULL),
(210, '', 'CCラボ', '2024-10-01', '00:00:00', NULL, NULL),
(211, '', 'CCラボ', '2024-10-01', '00:00:00', NULL, NULL),
(212, '', 'グローバルスタディ', '2024-10-01', '00:00:00', NULL, NULL),
(213, '', 'Web情報', '2024-10-02', '00:00:00', NULL, NULL),
(214, '', 'キャリア', '2024-10-02', '00:00:00', NULL, NULL),
(215, '', 'ELII日本語', '2024-10-03', '00:00:00', NULL, NULL),
(216, '', 'ELII英語', '2024-10-03', '00:00:00', NULL, NULL),
(217, '', '開発演習', '2024-10-03', '00:00:00', NULL, NULL),
(218, '', 'AI', '2024-10-03', '00:00:00', NULL, NULL),
(219, '', '開発演習', '2024-10-04', '00:00:00', NULL, NULL),
(220, '', 'セキュリティ診断', '2024-10-04', '00:00:00', NULL, NULL),
(221, '', 'セキュリティ診断', '2024-10-07', '00:00:00', NULL, NULL),
(222, '', '地域課題IT', '2024-10-07', '00:00:00', NULL, NULL),
(223, '', 'ビジネス実務II', '2024-10-08', '00:00:00', NULL, NULL),
(224, '', 'CCラボ', '2024-10-08', '00:00:00', NULL, NULL),
(225, '', 'CCラボ', '2024-10-08', '00:00:00', NULL, NULL),
(226, '', 'Web情報', '2024-10-09', '00:00:00', NULL, NULL),
(227, '', 'キャリア', '2024-10-09', '00:00:00', NULL, NULL),
(228, '', 'ELII日本語', '2024-10-10', '00:00:00', NULL, NULL),
(229, '', 'ELII英語', '2024-10-10', '00:00:00', NULL, NULL),
(230, '', '開発演習', '2024-10-10', '00:00:00', NULL, NULL),
(231, '', 'AI', '2024-10-10', '00:00:00', NULL, NULL),
(232, '', '開発演習', '2024-10-11', '00:00:00', NULL, NULL),
(233, '', 'CCラボ', '2024-10-11', '00:00:00', NULL, NULL),
(234, '', 'CCラボ', '2024-10-11', '00:00:00', NULL, NULL),
(235, '', 'ビジネス実務II', '2024-09-17', '00:00:00', NULL, NULL),
(236, '', 'CCラボ', '2024-09-17', '00:00:00', NULL, NULL),
(237, '', 'CCラボ', '2024-09-17', '00:00:00', NULL, NULL),
(238, '', 'グローバルスタディ', '2024-09-17', '00:00:00', NULL, NULL),
(239, '', 'Web情報', '2024-09-18', '00:00:00', NULL, NULL),
(240, '', '業務効率化', '2024-09-18', '00:00:00', NULL, NULL),
(241, '', 'ELII日本語', '2024-09-18', '00:00:00', NULL, NULL),
(242, '', 'ELII日本語', '2024-09-19', '00:00:00', NULL, NULL),
(243, '', 'ELII英語', '2024-09-19', '00:00:00', NULL, NULL),
(244, '', 'キャリア', '2024-09-19', '00:00:00', NULL, NULL),
(245, '', '次世代II', '2024-09-20', '00:00:00', NULL, NULL),
(246, '', 'セキュリティ診断', '2024-09-20', '00:00:00', NULL, NULL),
(247, '', 'ビジネス実務II', '2024-10-15', '00:00:00', NULL, NULL),
(248, '', 'CCラボ', '2024-10-15', '00:00:00', NULL, NULL),
(249, '', 'CCラボ', '2024-10-15', '00:00:00', NULL, NULL),
(250, '', 'Web情報', '2024-10-16', '00:00:00', NULL, NULL),
(251, '', 'キャリア', '2024-10-16', '00:00:00', NULL, NULL),
(252, '', 'ELII日本語', '2024-10-17', '00:00:00', NULL, NULL),
(253, '', 'ELII英語', '2024-10-17', '00:00:00', NULL, NULL),
(254, '', '開発演習', '2024-10-17', '00:00:00', NULL, NULL),
(255, '', 'AI', '2024-10-17', '00:00:00', NULL, NULL),
(256, '', '次世代II', '2024-10-18', '00:00:00', NULL, NULL),
(257, '', '地域課題IT', '2024-10-21', '00:00:00', NULL, NULL),
(258, '', 'ビジネス実務II', '2024-10-22', '00:00:00', NULL, NULL),
(259, '', 'Web情報', '2024-10-23', '00:00:00', NULL, NULL),
(260, '', 'キャリア', '2024-10-23', '00:00:00', NULL, NULL),
(261, '', 'ELII日本語', '2024-10-24', '00:00:00', NULL, NULL),
(262, '', 'ELII英語', '2024-10-24', '00:00:00', NULL, NULL),
(263, '', '開発演習', '2024-10-24', '00:00:00', NULL, NULL),
(264, '', 'AI', '2024-10-24', '00:00:00', NULL, NULL),
(265, '', '開発演習', '2024-10-25', '00:00:00', NULL, NULL),
(266, '', 'セキュリティ診断', '2024-10-25', '00:00:00', NULL, NULL),
(267, '', 'ビジネス実務II', '2024-10-29', '00:00:00', NULL, NULL),
(268, '', 'グローバルスタディ', '2024-10-29', '00:00:00', NULL, NULL),
(269, '', 'Web情報', '2024-10-30', '00:00:00', NULL, NULL),
(270, '', 'キャリア', '2024-10-30', '00:00:00', NULL, NULL),
(271, '', 'ELII日本語', '2024-10-31', '00:00:00', NULL, NULL),
(272, '', 'ELII英語', '2024-10-31', '00:00:00', NULL, NULL),
(273, '', '開発演習', '2024-10-31', '00:00:00', NULL, NULL),
(274, '', 'AI', '2024-10-31', '00:00:00', NULL, NULL),
(275, '', '開発演習', '2024-11-01', '00:00:00', NULL, NULL),
(276, '', 'セキュリティ診断', '2024-11-01', '00:00:00', NULL, NULL),
(277, '', '開発演習II', '2024-10-25', '00:00:00', NULL, NULL),
(278, '', '開発演習II', '2024-10-25', '00:00:00', NULL, NULL),
(279, '', '開発演習II', '2024-10-25', '00:00:00', NULL, NULL),
(280, '', '開発演習II', '2024-10-25', '00:00:00', NULL, NULL),
(281, '', '開発演習II', '2024-10-25', '00:00:00', NULL, NULL),
(282, '', '開発演習II', '2024-10-25', '00:00:00', NULL, NULL),
(283, '', '開発演習II', '2024-10-25', '00:00:00', NULL, NULL),
(284, '', '開発演習II', '2024-10-25', '00:00:00', NULL, NULL),
(285, '', '開発演習II', '2024-10-25', '00:00:00', NULL, NULL),
(287, '', '開発練習', '2024-11-28', '00:00:00', NULL, NULL),
(291, '', '開発練習', '2024-11-29', '00:00:00', NULL, NULL),
(292, '', 'ビジネス実務II', '2024-12-03', '00:00:00', NULL, NULL),
(293, '', 'WEB情報', '2024-12-04', '00:00:00', NULL, NULL),
(294, '', 'ELII日本語', '2024-12-05', '00:00:00', NULL, NULL),
(295, '', 'ELII英語', '2024-12-05', '00:00:00', NULL, NULL),
(296, '', '開発演習', '2024-12-05', '00:00:00', NULL, NULL),
(297, '', 'AI', '2024-12-05', '00:00:00', NULL, NULL),
(299, '', '0', '2024-12-19', '00:00:00', NULL, NULL),
(300, '', '開発演習', '2024-12-19', '00:00:00', NULL, NULL),
(301, '', '開発演習', '2024-12-19', '00:00:00', NULL, NULL),
(302, '', '開発演習', '2024-12-19', '00:00:00', NULL, NULL),
(303, '', '開発演習', '2024-12-19', '00:00:00', NULL, NULL),
(304, '', '開発演習', '2024-12-19', '00:00:00', NULL, NULL),
(305, '', '開発演習', '2024-12-19', '00:00:00', NULL, NULL),
(306, '', '開発演習', '2024-12-19', '00:00:00', NULL, NULL),
(324, 'biwas', 'python', '2024-12-29', '09:30:00', '11:00:00', 'なか'),
(327, '1', '業務効率化', '2025-01-03', '09:30:00', '11:00:00', 'ICT2'),
(328, '12', 'ビジネス実務II', '2025-01-03', '11:10:00', '12:40:00', 'ICT2'),
(329, '12', 'ビジネス実務II', '2025-01-14', '11:00:00', '12:40:00', 'ICT2'),
(330, '9', 'CCラボ', '2025-01-14', '13:30:00', '15:00:00', 'たかねこ'),
(356, '孫', 'WEB情報', '2025-01-01', '09:30:00', '11:00:00', 'ICT2'),
(358, '宮嵜', 'ビジネス実務II', '2024-12-31', '09:30:00', '11:00:00', 'ICT2'),
(359, '木下', 'グローバルスタデ', '2024-12-31', '13:30:00', '15:00:00', 'たかねこ'),
(360, '副島', 'EL日本語II', '2025-01-02', '09:30:00', '11:00:00', 'しらがわ'),
(373, '岩木', '生成 AI', '2025-02-06', '09:30:00', '11:00:00', 'ICT1'),
(374, '夏井/堀口', 'EL I', '2025-02-06', '11:10:00', '12:40:00', 'ICT1/'),
(375, '鈴木', 'CCラボ', '2025-02-06', '13:30:00', '16:40:00', 'たかねこ'),
(378, '宮嵜', '企画プレゼン', '2025-02-04', '13:30:00', '15:00:00', 'ICT1'),
(379, '宮嵜', '業務効率化', '2025-02-04', '15:10:00', '16:40:00', 'ICT1'),
(380, '岩木', '生成AI', '2025-02-05', '09:30:00', '11:00:00', 'ICT1'),
(381, '孫', 'オブジェクト指向', '2025-02-05', '13:30:00', '12:40:00', 'ICT1'),
(382, '岩木', '【選】ノーコード', '2025-02-05', '13:30:00', '15:00:00', 'なか'),
(383, '田上', 'キャリア', '2025-02-05', '15:10:00', '16:40:00', 'なか'),
(384, '鈴木', 'CCラボ(成果発表)', '2025-02-07', '09:30:00', '16:40:00', 'たかねこ');

-- --------------------------------------------------------

--
-- Table structure for table `timetable2`
--

CREATE TABLE IF NOT EXISTS `timetable2` (
  `id` int NOT NULL AUTO_INCREMENT,
  `teacher_name` varchar(15) CHARACTER SET utf8mb4 COLLATE utf8mb4_general_ci NOT NULL,
  `subject` varchar(255) CHARACTER SET utf8mb4 COLLATE utf8mb4_general_ci NOT NULL,
  `lecture_date` date NOT NULL,
  `start_time` time DEFAULT NULL,
  `end_time` time DEFAULT NULL,
  `classroom` varchar(100) CHARACTER SET utf8mb4 COLLATE utf8mb4_general_ci DEFAULT NULL,
  PRIMARY KEY (`id`)
) ENGINE=InnoDB  DEFAULT CHARSET=utf8mb4 COLLATE=utf8mb4_general_ci ROW_FORMAT=COMPACT AUTO_INCREMENT=378 ;

--
-- Dumping data for table `timetable2`
--

INSERT INTO `timetable2` (`id`, `teacher_name`, `subject`, `lecture_date`, `start_time`, `end_time`, `classroom`) VALUES
(25, '', 'ビジネス実務II', '2024-04-16', '00:00:00', NULL, NULL),
(26, '', 'CCラボ', '2024-04-16', '00:00:00', NULL, NULL),
(27, '', '海外研修', '2024-04-16', '00:00:00', NULL, NULL),
(28, '', 'Web情報', '2024-04-17', '00:00:00', NULL, NULL),
(29, '', '業務効率化', '2024-04-17', '00:00:00', NULL, NULL),
(30, '', 'セキュリティー診断', '2024-09-06', '00:00:00', NULL, NULL),
(31, '', 'ELII英語', '2024-04-18', '00:00:00', NULL, NULL),
(32, '', 'ELII日本語', '2024-04-18', '00:00:00', NULL, NULL),
(33, '', 'ELⅡ英語', '2024-09-06', '00:00:00', NULL, NULL),
(34, '', 'キャリア', '2024-04-18', '00:00:00', NULL, NULL),
(35, '', 'デタビﾞ実践', '2024-04-18', '00:00:00', NULL, NULL),
(36, '', 'ELⅡ英語', '2024-09-06', '00:00:00', NULL, NULL),
(37, '', 'セキュリティ診断', '2024-04-19', '00:00:00', NULL, NULL),
(38, '', 'AI', '2024-04-19', '00:00:00', NULL, NULL),
(39, '', 'ビジネス実務II', '2024-04-23', '00:00:00', NULL, NULL),
(40, '', '阿蘇×DXII', '2024-04-24', '00:00:00', NULL, NULL),
(41, '', 'セキュリティ診断', '2024-04-26', '00:00:00', NULL, NULL),
(42, '', 'AI', '2024-04-26', '00:00:00', NULL, NULL),
(43, '', 'デタビ実践', '2024-04-25', '00:00:00', NULL, NULL),
(44, '', 'ELII英語', '2024-04-25', '00:00:00', NULL, NULL),
(45, '', 'Web情報', '2024-04-24', '00:00:00', NULL, NULL),
(46, '', '業務効率化', '2024-04-24', '00:00:00', NULL, NULL),
(47, '', 'CCラボ', '2024-04-23', '00:00:00', NULL, NULL),
(48, '', 'CCラボ', '2024-04-23', '00:00:00', NULL, NULL),
(49, '', 'グローバルスタディ', '2024-04-23', '00:00:00', NULL, NULL),
(50, '', 'ビジネス実務II', '2024-05-07', '00:00:00', NULL, NULL),
(51, '', 'CCラボ', '2024-05-07', '00:00:00', NULL, NULL),
(52, '', 'CCラボ', '2024-05-07', '00:00:00', NULL, NULL),
(53, '', '海外研修', '2024-05-07', '00:00:00', NULL, NULL),
(54, '', 'Web情報', '2024-05-08', '00:00:00', NULL, NULL),
(55, '', '業務効率化', '2024-05-08', '00:00:00', NULL, NULL),
(56, '', 'デタビ実践', '2024-05-09', '00:00:00', NULL, NULL),
(57, '', 'ELII日本語', '2024-05-09', '00:00:00', NULL, NULL),
(58, '', 'ELII英語', '2024-05-09', '00:00:00', NULL, NULL),
(59, '', 'セキュリティ診断', '2024-05-10', '00:00:00', NULL, NULL),
(60, '', 'ビジネス実務II', '2024-05-14', '00:00:00', NULL, NULL),
(61, '', 'CCラボ', '2024-05-14', '00:00:00', NULL, NULL),
(62, '', 'CCラボ', '2024-05-14', '00:00:00', NULL, NULL),
(63, '', 'グローバルスタディ', '2024-05-14', '00:00:00', NULL, NULL),
(64, '', 'Web情報', '2024-05-15', '00:00:00', NULL, NULL),
(65, '', '業務効率化', '2024-05-15', '00:00:00', NULL, NULL),
(66, '', '阿蘇×DX', '2024-05-15', '00:00:00', NULL, NULL),
(67, '', 'ELII日本語', '2024-05-16', '00:00:00', NULL, NULL),
(68, '', 'ELII英語', '2024-05-16', '00:00:00', NULL, NULL),
(75, '', '阿蘇×DX', '2024-05-15', '00:00:00', NULL, NULL),
(76, '', 'ELII日本語', '2024-05-16', '00:00:00', NULL, NULL),
(77, '', 'ELII英語', '2024-05-16', '00:00:00', NULL, NULL),
(78, '', 'デタビ実践', '2024-05-16', '00:00:00', NULL, NULL),
(79, '', 'AI', '2024-05-17', '00:00:00', NULL, NULL),
(80, '', 'セキュリティ診断', '2024-05-17', '00:00:00', NULL, NULL),
(81, '', 'ビジネス実務II', '2024-05-21', '00:00:00', NULL, NULL),
(82, '', 'CCラボ', '2024-05-21', '00:00:00', NULL, NULL),
(83, '', 'CCラボ', '2024-05-21', '00:00:00', NULL, NULL),
(84, '', 'グローバルスタディ', '2024-05-21', '00:00:00', NULL, NULL),
(85, '', 'Web情報', '2024-05-22', '00:00:00', NULL, NULL),
(86, '', '業務効率化', '2024-05-22', '00:00:00', NULL, NULL),
(87, '', '阿蘇×DX', '2024-05-22', '00:00:00', NULL, NULL),
(88, '', 'ELII日本語', '2024-05-23', '00:00:00', NULL, NULL),
(89, '', 'ELII英語', '2024-05-23', '00:00:00', NULL, NULL),
(90, '', 'キャリア', '2024-05-23', '00:00:00', NULL, NULL),
(91, '', 'デタビ実践', '2024-05-23', '00:00:00', NULL, NULL),
(92, '', 'セキュリティ診断', '2024-05-24', '00:00:00', NULL, NULL),
(93, '', 'ビジネス実務II', '2024-05-28', '00:00:00', NULL, NULL),
(94, '', '海外研修', '2024-05-28', '00:00:00', NULL, NULL),
(95, '', 'Web情報', '2024-05-29', '00:00:00', NULL, NULL),
(96, '', '業務効率化', '2024-05-29', '00:00:00', NULL, NULL),
(97, '', 'ELII日本語', '2024-05-30', '00:00:00', NULL, NULL),
(98, '', 'ELII英語', '2024-05-30', '00:00:00', NULL, NULL),
(99, '', 'キャリア', '2024-05-30', '00:00:00', NULL, NULL),
(100, '', 'デタビ実践', '2024-05-30', '00:00:00', NULL, NULL),
(101, '', 'AI', '2024-05-31', '00:00:00', NULL, NULL),
(102, '', 'セキュリティ診断', '2024-05-31', '00:00:00', NULL, NULL),
(103, '', 'ビジネス実務II', '2024-06-04', '00:00:00', NULL, NULL),
(104, '', 'CCラボ', '2024-06-04', '00:00:00', NULL, NULL),
(105, '', '海外研修', '2024-06-04', '00:00:00', NULL, NULL),
(106, '', 'Web情報', '2024-06-05', '00:00:00', NULL, NULL),
(107, '', '業務効率化', '2024-06-05', '00:00:00', NULL, NULL),
(108, '', 'ELII日本語', '2024-06-06', '00:00:00', NULL, NULL),
(109, '', 'ELII英語', '2024-06-06', '00:00:00', NULL, NULL),
(110, '', 'キャリア', '2024-06-06', '00:00:00', NULL, NULL),
(111, '', 'デタビ実践', '2024-06-06', '00:00:00', NULL, NULL),
(112, '', 'セキュリティ診断', '2024-06-07', '00:00:00', NULL, NULL),
(113, '', '次世代II', '2024-06-10', '00:00:00', NULL, NULL),
(114, '', 'ビジネス実務II', '2024-06-11', '00:00:00', NULL, NULL),
(115, '', 'CCラボ', '2024-06-11', '00:00:00', NULL, NULL),
(117, '', 'グローバルスタディ', '2024-06-11', '00:00:00', NULL, NULL),
(118, '', 'Web情報', '2024-06-12', '00:00:00', NULL, NULL),
(119, '', '業務効率化', '2024-06-12', '00:00:00', NULL, NULL),
(120, '', '阿蘇×DX', '2024-06-12', '00:00:00', NULL, NULL),
(121, '', 'ELII日本語', '2024-06-13', '00:00:00', NULL, NULL),
(122, '', 'ELII英語', '2024-06-13', '00:00:00', NULL, NULL),
(123, '', 'キャリア', '2024-06-13', '00:00:00', NULL, NULL),
(124, '', 'デタビ実践', '2024-06-13', '00:00:00', NULL, NULL),
(125, '', 'AI', '2024-06-14', '00:00:00', NULL, NULL),
(126, '', 'セキュリティ診断', '2024-06-14', '00:00:00', NULL, NULL),
(127, '', 'ビジネス実務II', '2024-06-18', '00:00:00', NULL, NULL),
(128, '', 'CCラボ', '2024-06-18', '00:00:00', NULL, NULL),
(129, '', 'グローバルスタディ', '2024-06-18', '00:00:00', NULL, NULL),
(130, '', 'Web情報', '2024-06-19', '00:00:00', NULL, NULL),
(131, '', '業務効率化', '2024-06-19', '00:00:00', NULL, NULL),
(132, '', 'ELII日本語', '2024-06-20', '00:00:00', NULL, NULL),
(133, '', 'ELII英語', '2024-06-20', '00:00:00', NULL, NULL),
(134, '', 'キャリア', '2024-06-20', '00:00:00', NULL, NULL),
(136, '', '次世代II', '2024-06-21', '00:00:00', NULL, NULL),
(137, '', 'セキュリティ診断', '2024-06-21', '00:00:00', NULL, NULL),
(138, '', 'CCラボ', '2024-06-04', '00:00:00', NULL, NULL),
(139, '', 'CCラボ', '2024-06-11', '00:00:00', NULL, NULL),
(140, '', 'CCラボ', '2024-06-18', '00:00:00', NULL, NULL),
(141, '', 'ビジネス実務II', '2024-06-25', '00:00:00', NULL, NULL),
(142, '', '海外研修', '2024-06-25', '00:00:00', NULL, NULL),
(143, '', 'Web情報', '2024-06-26', '00:00:00', NULL, NULL),
(144, '', '業務効率化', '2024-06-26', '00:00:00', NULL, NULL),
(145, '', 'ELII日本語', '2024-06-27', '00:00:00', NULL, NULL),
(146, '', 'ELII英語', '2024-06-27', '00:00:00', NULL, NULL),
(147, '', 'キャリア', '2024-06-27', '00:00:00', NULL, NULL),
(148, '', 'AI', '2024-06-28', '00:00:00', NULL, NULL),
(149, '', 'セキュリティ診断', '2024-06-28', '00:00:00', NULL, NULL),
(150, '', 'ビジネス実務II', '2024-07-02', '00:00:00', NULL, NULL),
(151, '', 'CCラボ', '2024-07-02', '00:00:00', NULL, NULL),
(152, '', 'CCラボ', '2024-07-02', '00:00:00', NULL, NULL),
(154, '', 'Web情報', '2024-07-03', '00:00:00', NULL, NULL),
(155, '', '業務効率化', '2024-07-03', '00:00:00', NULL, NULL),
(156, '', 'ELII日本語', '2024-07-04', '00:00:00', NULL, NULL),
(157, '', 'ELII英語', '2024-07-04', '00:00:00', NULL, NULL),
(158, '', 'キャリア', '2024-07-04', '00:00:00', NULL, NULL),
(159, '', '次世代II', '2024-07-05', '00:00:00', NULL, NULL),
(160, '', 'セキュリティ診断', '2024-07-05', '00:00:00', NULL, NULL),
(161, '', '次世代II', '2024-07-08', '00:00:00', NULL, NULL),
(163, '', 'ビジネス実務II', '2024-07-09', '00:00:00', NULL, NULL),
(164, '', 'CCラボ', '2024-07-09', '00:00:00', NULL, NULL),
(165, '', 'CCラボ', '2024-07-09', '00:00:00', NULL, NULL),
(167, '', 'Web情報', '2024-07-10', '00:00:00', NULL, NULL),
(168, '', '業務効率化', '2024-07-10', '00:00:00', NULL, NULL),
(169, '', '阿蘇×DX', '2024-07-10', '00:00:00', NULL, NULL),
(170, '', 'ELII日本語', '2024-07-11', '00:00:00', NULL, NULL),
(171, '', 'ELII英語', '2024-07-11', '00:00:00', NULL, NULL),
(172, '', 'キャリア', '2024-07-11', '00:00:00', NULL, NULL),
(173, '', 'AI', '2024-07-12', '00:00:00', NULL, NULL),
(174, '', 'セキュリティ診断', '2024-07-12', '00:00:00', NULL, NULL),
(175, '', 'ビジネス実務II', '2024-07-16', '00:00:00', NULL, NULL),
(176, '', 'CCラボ', '2024-07-16', '00:00:00', NULL, NULL),
(177, '', 'CCラボ', '2024-07-16', '00:00:00', NULL, NULL),
(178, '', 'Web情報', '2024-07-17', '00:00:00', NULL, NULL),
(179, '', '業務効率化', '2024-07-17', '00:00:00', NULL, NULL),
(180, '', 'ELII日本語', '2024-07-18', '00:00:00', NULL, NULL),
(181, '', 'ELII英語', '2024-07-18', '00:00:00', NULL, NULL),
(182, '', 'キャリア', '2024-07-18', '00:00:00', NULL, NULL),
(183, '', 'セキュリティ診断', '2024-07-19', '00:00:00', NULL, NULL),
(184, '', 'ビジネス実務II', '2024-09-03', '00:00:00', NULL, NULL),
(185, '', '業務効率化', '2024-09-03', '00:00:00', NULL, NULL),
(186, '', 'CCラボ', '2024-09-03', '00:00:00', NULL, NULL),
(187, '', 'CCラボ', '2024-09-03', '00:00:00', NULL, NULL),
(188, '', 'グローバルスタディ', '2024-09-03', '00:00:00', NULL, NULL),
(189, '', 'Web情報', '2024-09-04', '00:00:00', NULL, NULL),
(190, '', '業務効率化', '2024-09-04', '00:00:00', NULL, NULL),
(191, '', '阿蘇×DX', '2024-09-04', '00:00:00', NULL, NULL),
(192, '', 'ELII日本語', '2024-09-05', '00:00:00', NULL, NULL),
(193, '', 'ELII英語', '2024-09-05', '00:00:00', NULL, NULL),
(194, '', 'キャリア', '2024-09-05', '00:00:00', NULL, NULL),
(195, '', 'AI', '2024-09-06', '00:00:00', NULL, NULL),
(196, '', 'セキュリティ診断', '2024-09-06', '00:00:00', NULL, NULL),
(197, '', 'ビジネス実務II', '2024-09-10', '00:00:00', NULL, NULL),
(198, '', 'CCラボ', '2024-09-10', '00:00:00', NULL, NULL),
(199, '', 'CCラボ', '2024-09-10', '00:00:00', NULL, NULL),
(200, '', 'グローバルスタディ', '2024-09-10', '00:00:00', NULL, NULL),
(201, '', 'Web情報', '2024-09-11', '00:00:00', NULL, NULL),
(202, '', '業務効率化', '2024-09-11', '00:00:00', NULL, NULL),
(203, '', '阿蘇×DX', '2024-09-11', '00:00:00', NULL, NULL),
(204, '', 'ELII日本語', '2024-09-12', '00:00:00', NULL, NULL),
(205, '', 'ELII英語', '2024-09-12', '00:00:00', NULL, NULL),
(206, '', 'キャリア', '2024-09-12', '00:00:00', NULL, NULL),
(207, '', 'セキュリティ診断', '2024-09-11', '00:00:00', NULL, NULL),
(208, '', 'ビジネス実務II', '2024-09-30', '00:00:00', NULL, NULL),
(209, '', '地域課題IT', '2024-09-30', '00:00:00', NULL, NULL),
(210, '', 'CCラボ', '2024-10-01', '00:00:00', NULL, NULL),
(211, '', 'CCラボ', '2024-10-01', '00:00:00', NULL, NULL),
(212, '', 'グローバルスタディ', '2024-10-01', '00:00:00', NULL, NULL),
(213, '', 'Web情報', '2024-10-02', '00:00:00', NULL, NULL),
(214, '', 'キャリア', '2024-10-02', '00:00:00', NULL, NULL),
(215, '', 'ELII日本語', '2024-10-03', '00:00:00', NULL, NULL),
(216, '', 'ELII英語', '2024-10-03', '00:00:00', NULL, NULL),
(217, '', '開発演習', '2024-10-03', '00:00:00', NULL, NULL),
(218, '', 'AI', '2024-10-03', '00:00:00', NULL, NULL),
(219, '', '開発演習', '2024-10-04', '00:00:00', NULL, NULL),
(220, '', 'セキュリティ診断', '2024-10-04', '00:00:00', NULL, NULL),
(221, '', 'セキュリティ診断', '2024-10-07', '00:00:00', NULL, NULL),
(222, '', '地域課題IT', '2024-10-07', '00:00:00', NULL, NULL),
(223, '', 'ビジネス実務II', '2024-10-08', '00:00:00', NULL, NULL),
(224, '', 'CCラボ', '2024-10-08', '00:00:00', NULL, NULL),
(225, '', 'CCラボ', '2024-10-08', '00:00:00', NULL, NULL),
(226, '', 'Web情報', '2024-10-09', '00:00:00', NULL, NULL),
(227, '', 'キャリア', '2024-10-09', '00:00:00', NULL, NULL),
(228, '', 'ELII日本語', '2024-10-10', '00:00:00', NULL, NULL),
(229, '', 'ELII英語', '2024-10-10', '00:00:00', NULL, NULL),
(230, '', '開発演習', '2024-10-10', '00:00:00', NULL, NULL),
(231, '', 'AI', '2024-10-10', '00:00:00', NULL, NULL),
(232, '', '開発演習', '2024-10-11', '00:00:00', NULL, NULL),
(233, '', 'CCラボ', '2024-10-11', '00:00:00', NULL, NULL),
(234, '', 'CCラボ', '2024-10-11', '00:00:00', NULL, NULL),
(235, '', 'ビジネス実務II', '2024-09-17', '00:00:00', NULL, NULL),
(236, '', 'CCラボ', '2024-09-17', '00:00:00', NULL, NULL),
(237, '', 'CCラボ', '2024-09-17', '00:00:00', NULL, NULL),
(238, '', 'グローバルスタディ', '2024-09-17', '00:00:00', NULL, NULL),
(239, '', 'Web情報', '2024-09-18', '00:00:00', NULL, NULL),
(240, '', '業務効率化', '2024-09-18', '00:00:00', NULL, NULL),
(241, '', 'ELII日本語', '2024-09-18', '00:00:00', NULL, NULL),
(242, '', 'ELII日本語', '2024-09-19', '00:00:00', NULL, NULL),
(243, '', 'ELII英語', '2024-09-19', '00:00:00', NULL, NULL),
(244, '', 'キャリア', '2024-09-19', '00:00:00', NULL, NULL),
(245, '', '次世代II', '2024-09-20', '00:00:00', NULL, NULL),
(246, '', 'セキュリティ診断', '2024-09-20', '00:00:00', NULL, NULL),
(247, '', 'ビジネス実務II', '2024-10-15', '00:00:00', NULL, NULL),
(248, '', 'CCラボ', '2024-10-15', '00:00:00', NULL, NULL),
(249, '', 'CCラボ', '2024-10-15', '00:00:00', NULL, NULL),
(250, '', 'Web情報', '2024-10-16', '00:00:00', NULL, NULL),
(251, '', 'キャリア', '2024-10-16', '00:00:00', NULL, NULL),
(252, '', 'ELII日本語', '2024-10-17', '00:00:00', NULL, NULL),
(253, '', 'ELII英語', '2024-10-17', '00:00:00', NULL, NULL),
(254, '', '開発演習', '2024-10-17', '00:00:00', NULL, NULL),
(255, '', 'AI', '2024-10-17', '00:00:00', NULL, NULL),
(256, '', '次世代II', '2024-10-18', '00:00:00', NULL, NULL),
(257, '', '地域課題IT', '2024-10-21', '00:00:00', NULL, NULL),
(258, '', 'ビジネス実務II', '2024-10-22', '00:00:00', NULL, NULL),
(259, '', 'Web情報', '2024-10-23', '00:00:00', NULL, NULL),
(260, '', 'キャリア', '2024-10-23', '00:00:00', NULL, NULL),
(261, '', 'ELII日本語', '2024-10-24', '00:00:00', NULL, NULL),
(262, '', 'ELII英語', '2024-10-24', '00:00:00', NULL, NULL),
(263, '', '開発演習', '2024-10-24', '00:00:00', NULL, NULL),
(264, '', 'AI', '2024-10-24', '00:00:00', NULL, NULL),
(265, '', '開発演習', '2024-10-25', '00:00:00', NULL, NULL),
(266, '', 'セキュリティ診断', '2024-10-25', '00:00:00', NULL, NULL),
(267, '', 'ビジネス実務II', '2024-10-29', '00:00:00', NULL, NULL),
(268, '', 'グローバルスタディ', '2024-10-29', '00:00:00', NULL, NULL),
(269, '', 'Web情報', '2024-10-30', '00:00:00', NULL, NULL),
(270, '', 'キャリア', '2024-10-30', '00:00:00', NULL, NULL),
(271, '', 'ELII日本語', '2024-10-31', '00:00:00', NULL, NULL),
(272, '', 'ELII英語', '2024-10-31', '00:00:00', NULL, NULL),
(273, '', '開発演習', '2024-10-31', '00:00:00', NULL, NULL),
(274, '', 'AI', '2024-10-31', '00:00:00', NULL, NULL),
(275, '', '開発演習', '2024-11-01', '00:00:00', NULL, NULL),
(276, '', 'セキュリティ診断', '2024-11-01', '00:00:00', NULL, NULL),
(277, '', '開発演習II', '2024-10-25', '00:00:00', NULL, NULL),
(278, '', '開発演習II', '2024-10-25', '00:00:00', NULL, NULL),
(279, '', '開発演習II', '2024-10-25', '00:00:00', NULL, NULL),
(280, '', '開発演習II', '2024-10-25', '00:00:00', NULL, NULL),
(281, '', '開発演習II', '2024-10-25', '00:00:00', NULL, NULL),
(282, '', '開発演習II', '2024-10-25', '00:00:00', NULL, NULL),
(283, '', '開発演習II', '2024-10-25', '00:00:00', NULL, NULL),
(284, '', '開発演習II', '2024-10-25', '00:00:00', NULL, NULL),
(285, '', '開発演習II', '2024-10-25', '00:00:00', NULL, NULL),
(287, '', '開発練習', '2024-11-28', '00:00:00', NULL, NULL),
(291, '', '開発練習', '2024-11-29', '00:00:00', NULL, NULL),
(292, '', 'ビジネス実務II', '2024-12-03', '00:00:00', NULL, NULL),
(293, '', 'WEB情報', '2024-12-04', '00:00:00', NULL, NULL),
(294, '', 'ELII日本語', '2024-12-05', '00:00:00', NULL, NULL),
(295, '', 'ELII英語', '2024-12-05', '00:00:00', NULL, NULL),
(296, '', '開発演習', '2024-12-05', '00:00:00', NULL, NULL),
(297, '', 'AI', '2024-12-05', '00:00:00', NULL, NULL),
(299, '', '0', '2024-12-19', '00:00:00', NULL, NULL),
(300, '', '開発演習', '2024-12-19', '00:00:00', NULL, NULL),
(301, '', '開発演習', '2024-12-19', '00:00:00', NULL, NULL),
(302, '', '開発演習', '2024-12-19', '00:00:00', NULL, NULL),
(303, '', '開発演習', '2024-12-19', '00:00:00', NULL, NULL),
(304, '', '開発演習', '2024-12-19', '00:00:00', NULL, NULL),
(305, '', '開発演習', '2024-12-19', '00:00:00', NULL, NULL),
(306, '', '開発演習', '2024-12-19', '00:00:00', NULL, NULL),
(324, 'biwas', 'python', '2024-12-29', '09:30:00', '11:00:00', 'なか'),
(327, '1', '業務効率化', '2025-01-03', '09:30:00', '11:00:00', 'ICT2'),
(328, '12', 'ビジネス実務II', '2025-01-03', '11:10:00', '12:40:00', 'ICT2'),
(329, '12', 'ビジネス実務II', '2025-01-14', '11:00:00', '12:40:00', 'ICT2'),
(330, '9', 'CCラボ', '2025-01-14', '13:30:00', '15:00:00', 'たかねこ'),
(356, '孫', 'WEB情報', '2025-01-01', '09:30:00', '11:00:00', 'ICT2'),
(358, '宮嵜', 'ビジネス実務II', '2024-12-31', '09:30:00', '11:00:00', 'ICT2'),
(359, '木下', 'グローバルスタデ', '2024-12-31', '13:30:00', '15:00:00', 'たかねこ'),
(360, '副島', 'EL日本語II', '2025-01-02', '09:30:00', '11:00:00', 'しらがわ'),
(368, '副島', 'EL日本語II', '2025-02-06', '09:30:00', '11:00:00', 'しらがわ'),
(371, '久保', '卒プロ', '2025-02-04', '11:10:00', '12:40:00', 'しらかわ'),
(372, 'フィオーナ', 'ACE ', '2025-02-06', '11:10:00', '12:40:00', 'しらかわ'),
(373, '鈴木', 'CCラボ', '2025-02-06', '13:30:00', '16:40:00', 'たかねこ'),
(374, '鈴木', 'CCラボ(成果発表)', '2025-02-07', '09:30:00', '16:40:00', 'たかねこ'),
(375, '久保', '卒プロ', '2025-02-05', '09:30:00', '12:40:00', 'しらかわ'),
(376, 'リー', 'ビジネスEnglish', '2025-02-05', '13:30:00', '16:40:00', 'しらかわ'),
(377, '田上', '【選】キャリア', '2025-02-05', '15:10:00', '16:40:00', 'なか');

-- --------------------------------------------------------

--
-- Table structure for table `timetable3`
--

CREATE TABLE IF NOT EXISTS `timetable3` (
  `id` int NOT NULL AUTO_INCREMENT,
  `teacher_name` varchar(15) CHARACTER SET utf8mb4 COLLATE utf8mb4_general_ci NOT NULL,
  `subject` varchar(255) CHARACTER SET utf8mb4 COLLATE utf8mb4_general_ci NOT NULL,
  `lecture_date` date NOT NULL,
  `start_time` time DEFAULT NULL,
  `end_time` time DEFAULT NULL,
  `classroom` varchar(100) CHARACTER SET utf8mb4 COLLATE utf8mb4_general_ci DEFAULT NULL,
  PRIMARY KEY (`id`)
) ENGINE=InnoDB  DEFAULT CHARSET=utf8mb4 COLLATE=utf8mb4_general_ci ROW_FORMAT=COMPACT AUTO_INCREMENT=382 ;

--
-- Dumping data for table `timetable3`
--

INSERT INTO `timetable3` (`id`, `teacher_name`, `subject`, `lecture_date`, `start_time`, `end_time`, `classroom`) VALUES
(25, '', 'ビジネス実務II', '2024-04-16', '00:00:00', NULL, NULL),
(26, '', 'CCラボ', '2024-04-16', '00:00:00', NULL, NULL),
(27, '', '海外研修', '2024-04-16', '00:00:00', NULL, NULL),
(28, '', 'Web情報', '2024-04-17', '00:00:00', NULL, NULL),
(29, '', '業務効率化', '2024-04-17', '00:00:00', NULL, NULL),
(30, '', 'セキュリティー診断', '2024-09-06', '00:00:00', NULL, NULL),
(31, '', 'ELII英語', '2024-04-18', '00:00:00', NULL, NULL),
(32, '', 'ELII日本語', '2024-04-18', '00:00:00', NULL, NULL),
(33, '', 'ELⅡ英語', '2024-09-06', '00:00:00', NULL, NULL),
(34, '', 'キャリア', '2024-04-18', '00:00:00', NULL, NULL),
(35, '', 'デタビﾞ実践', '2024-04-18', '00:00:00', NULL, NULL),
(36, '', 'ELⅡ英語', '2024-09-06', '00:00:00', NULL, NULL),
(37, '', 'セキュリティ診断', '2024-04-19', '00:00:00', NULL, NULL),
(38, '', 'AI', '2024-04-19', '00:00:00', NULL, NULL),
(39, '', 'ビジネス実務II', '2024-04-23', '00:00:00', NULL, NULL),
(40, '', '阿蘇×DXII', '2024-04-24', '00:00:00', NULL, NULL),
(41, '', 'セキュリティ診断', '2024-04-26', '00:00:00', NULL, NULL),
(42, '', 'AI', '2024-04-26', '00:00:00', NULL, NULL),
(43, '', 'デタビ実践', '2024-04-25', '00:00:00', NULL, NULL),
(44, '', 'ELII英語', '2024-04-25', '00:00:00', NULL, NULL),
(45, '', 'Web情報', '2024-04-24', '00:00:00', NULL, NULL),
(46, '', '業務効率化', '2024-04-24', '00:00:00', NULL, NULL),
(47, '', 'CCラボ', '2024-04-23', '00:00:00', NULL, NULL),
(48, '', 'CCラボ', '2024-04-23', '00:00:00', NULL, NULL),
(49, '', 'グローバルスタディ', '2024-04-23', '00:00:00', NULL, NULL),
(50, '', 'ビジネス実務II', '2024-05-07', '00:00:00', NULL, NULL),
(51, '', 'CCラボ', '2024-05-07', '00:00:00', NULL, NULL),
(52, '', 'CCラボ', '2024-05-07', '00:00:00', NULL, NULL),
(53, '', '海外研修', '2024-05-07', '00:00:00', NULL, NULL),
(54, '', 'Web情報', '2024-05-08', '00:00:00', NULL, NULL),
(55, '', '業務効率化', '2024-05-08', '00:00:00', NULL, NULL),
(56, '', 'デタビ実践', '2024-05-09', '00:00:00', NULL, NULL),
(57, '', 'ELII日本語', '2024-05-09', '00:00:00', NULL, NULL),
(58, '', 'ELII英語', '2024-05-09', '00:00:00', NULL, NULL),
(59, '', 'セキュリティ診断', '2024-05-10', '00:00:00', NULL, NULL),
(60, '', 'ビジネス実務II', '2024-05-14', '00:00:00', NULL, NULL),
(61, '', 'CCラボ', '2024-05-14', '00:00:00', NULL, NULL),
(62, '', 'CCラボ', '2024-05-14', '00:00:00', NULL, NULL),
(63, '', 'グローバルスタディ', '2024-05-14', '00:00:00', NULL, NULL),
(64, '', 'Web情報', '2024-05-15', '00:00:00', NULL, NULL),
(65, '', '業務効率化', '2024-05-15', '00:00:00', NULL, NULL),
(66, '', '阿蘇×DX', '2024-05-15', '00:00:00', NULL, NULL),
(67, '', 'ELII日本語', '2024-05-16', '00:00:00', NULL, NULL),
(68, '', 'ELII英語', '2024-05-16', '00:00:00', NULL, NULL),
(75, '', '阿蘇×DX', '2024-05-15', '00:00:00', NULL, NULL),
(76, '', 'ELII日本語', '2024-05-16', '00:00:00', NULL, NULL),
(77, '', 'ELII英語', '2024-05-16', '00:00:00', NULL, NULL),
(78, '', 'デタビ実践', '2024-05-16', '00:00:00', NULL, NULL),
(79, '', 'AI', '2024-05-17', '00:00:00', NULL, NULL),
(80, '', 'セキュリティ診断', '2024-05-17', '00:00:00', NULL, NULL),
(81, '', 'ビジネス実務II', '2024-05-21', '00:00:00', NULL, NULL),
(82, '', 'CCラボ', '2024-05-21', '00:00:00', NULL, NULL),
(83, '', 'CCラボ', '2024-05-21', '00:00:00', NULL, NULL),
(84, '', 'グローバルスタディ', '2024-05-21', '00:00:00', NULL, NULL),
(85, '', 'Web情報', '2024-05-22', '00:00:00', NULL, NULL),
(86, '', '業務効率化', '2024-05-22', '00:00:00', NULL, NULL),
(87, '', '阿蘇×DX', '2024-05-22', '00:00:00', NULL, NULL),
(88, '', 'ELII日本語', '2024-05-23', '00:00:00', NULL, NULL),
(89, '', 'ELII英語', '2024-05-23', '00:00:00', NULL, NULL),
(90, '', 'キャリア', '2024-05-23', '00:00:00', NULL, NULL),
(91, '', 'デタビ実践', '2024-05-23', '00:00:00', NULL, NULL),
(92, '', 'セキュリティ診断', '2024-05-24', '00:00:00', NULL, NULL),
(93, '', 'ビジネス実務II', '2024-05-28', '00:00:00', NULL, NULL),
(94, '', '海外研修', '2024-05-28', '00:00:00', NULL, NULL),
(95, '', 'Web情報', '2024-05-29', '00:00:00', NULL, NULL),
(96, '', '業務効率化', '2024-05-29', '00:00:00', NULL, NULL),
(97, '', 'ELII日本語', '2024-05-30', '00:00:00', NULL, NULL),
(98, '', 'ELII英語', '2024-05-30', '00:00:00', NULL, NULL),
(99, '', 'キャリア', '2024-05-30', '00:00:00', NULL, NULL),
(100, '', 'デタビ実践', '2024-05-30', '00:00:00', NULL, NULL),
(101, '', 'AI', '2024-05-31', '00:00:00', NULL, NULL),
(102, '', 'セキュリティ診断', '2024-05-31', '00:00:00', NULL, NULL),
(103, '', 'ビジネス実務II', '2024-06-04', '00:00:00', NULL, NULL),
(104, '', 'CCラボ', '2024-06-04', '00:00:00', NULL, NULL),
(105, '', '海外研修', '2024-06-04', '00:00:00', NULL, NULL),
(106, '', 'Web情報', '2024-06-05', '00:00:00', NULL, NULL),
(107, '', '業務効率化', '2024-06-05', '00:00:00', NULL, NULL),
(108, '', 'ELII日本語', '2024-06-06', '00:00:00', NULL, NULL),
(109, '', 'ELII英語', '2024-06-06', '00:00:00', NULL, NULL),
(110, '', 'キャリア', '2024-06-06', '00:00:00', NULL, NULL),
(111, '', 'デタビ実践', '2024-06-06', '00:00:00', NULL, NULL),
(112, '', 'セキュリティ診断', '2024-06-07', '00:00:00', NULL, NULL),
(113, '', '次世代II', '2024-06-10', '00:00:00', NULL, NULL),
(114, '', 'ビジネス実務II', '2024-06-11', '00:00:00', NULL, NULL),
(115, '', 'CCラボ', '2024-06-11', '00:00:00', NULL, NULL),
(117, '', 'グローバルスタディ', '2024-06-11', '00:00:00', NULL, NULL),
(118, '', 'Web情報', '2024-06-12', '00:00:00', NULL, NULL),
(119, '', '業務効率化', '2024-06-12', '00:00:00', NULL, NULL),
(120, '', '阿蘇×DX', '2024-06-12', '00:00:00', NULL, NULL),
(121, '', 'ELII日本語', '2024-06-13', '00:00:00', NULL, NULL),
(122, '', 'ELII英語', '2024-06-13', '00:00:00', NULL, NULL),
(123, '', 'キャリア', '2024-06-13', '00:00:00', NULL, NULL),
(124, '', 'デタビ実践', '2024-06-13', '00:00:00', NULL, NULL),
(125, '', 'AI', '2024-06-14', '00:00:00', NULL, NULL),
(126, '', 'セキュリティ診断', '2024-06-14', '00:00:00', NULL, NULL),
(127, '', 'ビジネス実務II', '2024-06-18', '00:00:00', NULL, NULL),
(128, '', 'CCラボ', '2024-06-18', '00:00:00', NULL, NULL),
(129, '', 'グローバルスタディ', '2024-06-18', '00:00:00', NULL, NULL),
(130, '', 'Web情報', '2024-06-19', '00:00:00', NULL, NULL),
(131, '', '業務効率化', '2024-06-19', '00:00:00', NULL, NULL),
(132, '', 'ELII日本語', '2024-06-20', '00:00:00', NULL, NULL),
(133, '', 'ELII英語', '2024-06-20', '00:00:00', NULL, NULL),
(134, '', 'キャリア', '2024-06-20', '00:00:00', NULL, NULL),
(136, '', '次世代II', '2024-06-21', '00:00:00', NULL, NULL),
(137, '', 'セキュリティ診断', '2024-06-21', '00:00:00', NULL, NULL),
(138, '', 'CCラボ', '2024-06-04', '00:00:00', NULL, NULL),
(139, '', 'CCラボ', '2024-06-11', '00:00:00', NULL, NULL),
(140, '', 'CCラボ', '2024-06-18', '00:00:00', NULL, NULL),
(141, '', 'ビジネス実務II', '2024-06-25', '00:00:00', NULL, NULL),
(142, '', '海外研修', '2024-06-25', '00:00:00', NULL, NULL),
(143, '', 'Web情報', '2024-06-26', '00:00:00', NULL, NULL),
(144, '', '業務効率化', '2024-06-26', '00:00:00', NULL, NULL),
(145, '', 'ELII日本語', '2024-06-27', '00:00:00', NULL, NULL),
(146, '', 'ELII英語', '2024-06-27', '00:00:00', NULL, NULL),
(147, '', 'キャリア', '2024-06-27', '00:00:00', NULL, NULL),
(148, '', 'AI', '2024-06-28', '00:00:00', NULL, NULL),
(149, '', 'セキュリティ診断', '2024-06-28', '00:00:00', NULL, NULL),
(150, '', 'ビジネス実務II', '2024-07-02', '00:00:00', NULL, NULL),
(151, '', 'CCラボ', '2024-07-02', '00:00:00', NULL, NULL),
(152, '', 'CCラボ', '2024-07-02', '00:00:00', NULL, NULL),
(154, '', 'Web情報', '2024-07-03', '00:00:00', NULL, NULL),
(155, '', '業務効率化', '2024-07-03', '00:00:00', NULL, NULL),
(156, '', 'ELII日本語', '2024-07-04', '00:00:00', NULL, NULL),
(157, '', 'ELII英語', '2024-07-04', '00:00:00', NULL, NULL),
(158, '', 'キャリア', '2024-07-04', '00:00:00', NULL, NULL),
(159, '', '次世代II', '2024-07-05', '00:00:00', NULL, NULL),
(160, '', 'セキュリティ診断', '2024-07-05', '00:00:00', NULL, NULL),
(161, '', '次世代II', '2024-07-08', '00:00:00', NULL, NULL),
(163, '', 'ビジネス実務II', '2024-07-09', '00:00:00', NULL, NULL),
(164, '', 'CCラボ', '2024-07-09', '00:00:00', NULL, NULL),
(165, '', 'CCラボ', '2024-07-09', '00:00:00', NULL, NULL),
(167, '', 'Web情報', '2024-07-10', '00:00:00', NULL, NULL),
(168, '', '業務効率化', '2024-07-10', '00:00:00', NULL, NULL),
(169, '', '阿蘇×DX', '2024-07-10', '00:00:00', NULL, NULL),
(170, '', 'ELII日本語', '2024-07-11', '00:00:00', NULL, NULL),
(171, '', 'ELII英語', '2024-07-11', '00:00:00', NULL, NULL),
(172, '', 'キャリア', '2024-07-11', '00:00:00', NULL, NULL),
(173, '', 'AI', '2024-07-12', '00:00:00', NULL, NULL),
(174, '', 'セキュリティ診断', '2024-07-12', '00:00:00', NULL, NULL),
(175, '', 'ビジネス実務II', '2024-07-16', '00:00:00', NULL, NULL),
(176, '', 'CCラボ', '2024-07-16', '00:00:00', NULL, NULL),
(177, '', 'CCラボ', '2024-07-16', '00:00:00', NULL, NULL),
(178, '', 'Web情報', '2024-07-17', '00:00:00', NULL, NULL),
(179, '', '業務効率化', '2024-07-17', '00:00:00', NULL, NULL),
(180, '', 'ELII日本語', '2024-07-18', '00:00:00', NULL, NULL),
(181, '', 'ELII英語', '2024-07-18', '00:00:00', NULL, NULL),
(182, '', 'キャリア', '2024-07-18', '00:00:00', NULL, NULL),
(183, '', 'セキュリティ診断', '2024-07-19', '00:00:00', NULL, NULL),
(184, '', 'ビジネス実務II', '2024-09-03', '00:00:00', NULL, NULL),
(185, '', '業務効率化', '2024-09-03', '00:00:00', NULL, NULL),
(186, '', 'CCラボ', '2024-09-03', '00:00:00', NULL, NULL),
(187, '', 'CCラボ', '2024-09-03', '00:00:00', NULL, NULL),
(188, '', 'グローバルスタディ', '2024-09-03', '00:00:00', NULL, NULL),
(189, '', 'Web情報', '2024-09-04', '00:00:00', NULL, NULL),
(190, '', '業務効率化', '2024-09-04', '00:00:00', NULL, NULL),
(191, '', '阿蘇×DX', '2024-09-04', '00:00:00', NULL, NULL),
(192, '', 'ELII日本語', '2024-09-05', '00:00:00', NULL, NULL),
(193, '', 'ELII英語', '2024-09-05', '00:00:00', NULL, NULL),
(194, '', 'キャリア', '2024-09-05', '00:00:00', NULL, NULL),
(195, '', 'AI', '2024-09-06', '00:00:00', NULL, NULL),
(196, '', 'セキュリティ診断', '2024-09-06', '00:00:00', NULL, NULL),
(197, '', 'ビジネス実務II', '2024-09-10', '00:00:00', NULL, NULL),
(198, '', 'CCラボ', '2024-09-10', '00:00:00', NULL, NULL),
(199, '', 'CCラボ', '2024-09-10', '00:00:00', NULL, NULL),
(200, '', 'グローバルスタディ', '2024-09-10', '00:00:00', NULL, NULL),
(201, '', 'Web情報', '2024-09-11', '00:00:00', NULL, NULL),
(202, '', '業務効率化', '2024-09-11', '00:00:00', NULL, NULL),
(203, '', '阿蘇×DX', '2024-09-11', '00:00:00', NULL, NULL),
(204, '', 'ELII日本語', '2024-09-12', '00:00:00', NULL, NULL),
(205, '', 'ELII英語', '2024-09-12', '00:00:00', NULL, NULL),
(206, '', 'キャリア', '2024-09-12', '00:00:00', NULL, NULL),
(207, '', 'セキュリティ診断', '2024-09-11', '00:00:00', NULL, NULL),
(208, '', 'ビジネス実務II', '2024-09-30', '00:00:00', NULL, NULL),
(209, '', '地域課題IT', '2024-09-30', '00:00:00', NULL, NULL),
(210, '', 'CCラボ', '2024-10-01', '00:00:00', NULL, NULL),
(211, '', 'CCラボ', '2024-10-01', '00:00:00', NULL, NULL),
(212, '', 'グローバルスタディ', '2024-10-01', '00:00:00', NULL, NULL),
(213, '', 'Web情報', '2024-10-02', '00:00:00', NULL, NULL),
(214, '', 'キャリア', '2024-10-02', '00:00:00', NULL, NULL),
(215, '', 'ELII日本語', '2024-10-03', '00:00:00', NULL, NULL),
(216, '', 'ELII英語', '2024-10-03', '00:00:00', NULL, NULL),
(217, '', '開発演習', '2024-10-03', '00:00:00', NULL, NULL),
(218, '', 'AI', '2024-10-03', '00:00:00', NULL, NULL),
(219, '', '開発演習', '2024-10-04', '00:00:00', NULL, NULL),
(220, '', 'セキュリティ診断', '2024-10-04', '00:00:00', NULL, NULL),
(221, '', 'セキュリティ診断', '2024-10-07', '00:00:00', NULL, NULL),
(222, '', '地域課題IT', '2024-10-07', '00:00:00', NULL, NULL),
(223, '', 'ビジネス実務II', '2024-10-08', '00:00:00', NULL, NULL),
(224, '', 'CCラボ', '2024-10-08', '00:00:00', NULL, NULL),
(225, '', 'CCラボ', '2024-10-08', '00:00:00', NULL, NULL),
(226, '', 'Web情報', '2024-10-09', '00:00:00', NULL, NULL),
(227, '', 'キャリア', '2024-10-09', '00:00:00', NULL, NULL),
(228, '', 'ELII日本語', '2024-10-10', '00:00:00', NULL, NULL),
(229, '', 'ELII英語', '2024-10-10', '00:00:00', NULL, NULL),
(230, '', '開発演習', '2024-10-10', '00:00:00', NULL, NULL),
(231, '', 'AI', '2024-10-10', '00:00:00', NULL, NULL),
(232, '', '開発演習', '2024-10-11', '00:00:00', NULL, NULL),
(233, '', 'CCラボ', '2024-10-11', '00:00:00', NULL, NULL),
(234, '', 'CCラボ', '2024-10-11', '00:00:00', NULL, NULL),
(235, '', 'ビジネス実務II', '2024-09-17', '00:00:00', NULL, NULL),
(236, '', 'CCラボ', '2024-09-17', '00:00:00', NULL, NULL),
(237, '', 'CCラボ', '2024-09-17', '00:00:00', NULL, NULL),
(238, '', 'グローバルスタディ', '2024-09-17', '00:00:00', NULL, NULL),
(239, '', 'Web情報', '2024-09-18', '00:00:00', NULL, NULL),
(240, '', '業務効率化', '2024-09-18', '00:00:00', NULL, NULL),
(241, '', 'ELII日本語', '2024-09-18', '00:00:00', NULL, NULL),
(242, '', 'ELII日本語', '2024-09-19', '00:00:00', NULL, NULL),
(243, '', 'ELII英語', '2024-09-19', '00:00:00', NULL, NULL),
(244, '', 'キャリア', '2024-09-19', '00:00:00', NULL, NULL),
(245, '', '次世代II', '2024-09-20', '00:00:00', NULL, NULL),
(246, '', 'セキュリティ診断', '2024-09-20', '00:00:00', NULL, NULL),
(247, '', 'ビジネス実務II', '2024-10-15', '00:00:00', NULL, NULL),
(248, '', 'CCラボ', '2024-10-15', '00:00:00', NULL, NULL),
(249, '', 'CCラボ', '2024-10-15', '00:00:00', NULL, NULL),
(250, '', 'Web情報', '2024-10-16', '00:00:00', NULL, NULL),
(251, '', 'キャリア', '2024-10-16', '00:00:00', NULL, NULL),
(252, '', 'ELII日本語', '2024-10-17', '00:00:00', NULL, NULL),
(253, '', 'ELII英語', '2024-10-17', '00:00:00', NULL, NULL),
(254, '', '開発演習', '2024-10-17', '00:00:00', NULL, NULL),
(255, '', 'AI', '2024-10-17', '00:00:00', NULL, NULL),
(256, '', '次世代II', '2024-10-18', '00:00:00', NULL, NULL),
(257, '', '地域課題IT', '2024-10-21', '00:00:00', NULL, NULL),
(258, '', 'ビジネス実務II', '2024-10-22', '00:00:00', NULL, NULL),
(259, '', 'Web情報', '2024-10-23', '00:00:00', NULL, NULL),
(260, '', 'キャリア', '2024-10-23', '00:00:00', NULL, NULL),
(261, '', 'ELII日本語', '2024-10-24', '00:00:00', NULL, NULL),
(262, '', 'ELII英語', '2024-10-24', '00:00:00', NULL, NULL),
(263, '', '開発演習', '2024-10-24', '00:00:00', NULL, NULL),
(264, '', 'AI', '2024-10-24', '00:00:00', NULL, NULL),
(265, '', '開発演習', '2024-10-25', '00:00:00', NULL, NULL),
(266, '', 'セキュリティ診断', '2024-10-25', '00:00:00', NULL, NULL),
(267, '', 'ビジネス実務II', '2024-10-29', '00:00:00', NULL, NULL),
(268, '', 'グローバルスタディ', '2024-10-29', '00:00:00', NULL, NULL),
(269, '', 'Web情報', '2024-10-30', '00:00:00', NULL, NULL),
(270, '', 'キャリア', '2024-10-30', '00:00:00', NULL, NULL),
(271, '', 'ELII日本語', '2024-10-31', '00:00:00', NULL, NULL),
(272, '', 'ELII英語', '2024-10-31', '00:00:00', NULL, NULL),
(273, '', '開発演習', '2024-10-31', '00:00:00', NULL, NULL),
(274, '', 'AI', '2024-10-31', '00:00:00', NULL, NULL),
(275, '', '開発演習', '2024-11-01', '00:00:00', NULL, NULL),
(276, '', 'セキュリティ診断', '2024-11-01', '00:00:00', NULL, NULL),
(277, '', '開発演習II', '2024-10-25', '00:00:00', NULL, NULL),
(278, '', '開発演習II', '2024-10-25', '00:00:00', NULL, NULL),
(279, '', '開発演習II', '2024-10-25', '00:00:00', NULL, NULL),
(280, '', '開発演習II', '2024-10-25', '00:00:00', NULL, NULL),
(281, '', '開発演習II', '2024-10-25', '00:00:00', NULL, NULL),
(282, '', '開発演習II', '2024-10-25', '00:00:00', NULL, NULL),
(283, '', '開発演習II', '2024-10-25', '00:00:00', NULL, NULL),
(284, '', '開発演習II', '2024-10-25', '00:00:00', NULL, NULL),
(285, '', '開発演習II', '2024-10-25', '00:00:00', NULL, NULL),
(287, '', '開発練習', '2024-11-28', '00:00:00', NULL, NULL),
(291, '', '開発練習', '2024-11-29', '00:00:00', NULL, NULL),
(292, '', 'ビジネス実務II', '2024-12-03', '00:00:00', NULL, NULL),
(293, '', 'WEB情報', '2024-12-04', '00:00:00', NULL, NULL),
(294, '', 'ELII日本語', '2024-12-05', '00:00:00', NULL, NULL),
(295, '', 'ELII英語', '2024-12-05', '00:00:00', NULL, NULL),
(296, '', '開発演習', '2024-12-05', '00:00:00', NULL, NULL),
(297, '', 'AI', '2024-12-05', '00:00:00', NULL, NULL),
(299, '', '0', '2024-12-19', '00:00:00', NULL, NULL),
(300, '', '開発演習', '2024-12-19', '00:00:00', NULL, NULL),
(301, '', '開発演習', '2024-12-19', '00:00:00', NULL, NULL),
(302, '', '開発演習', '2024-12-19', '00:00:00', NULL, NULL),
(303, '', '開発演習', '2024-12-19', '00:00:00', NULL, NULL),
(304, '', '開発演習', '2024-12-19', '00:00:00', NULL, NULL),
(305, '', '開発演習', '2024-12-19', '00:00:00', NULL, NULL),
(306, '', '開発演習', '2024-12-19', '00:00:00', NULL, NULL),
(324, 'biwas', 'python', '2024-12-29', '09:30:00', '11:00:00', 'なか'),
(327, '1', '業務効率化', '2025-01-03', '09:30:00', '11:00:00', 'ICT2'),
(328, '12', 'ビジネス実務II', '2025-01-03', '11:10:00', '12:40:00', 'ICT2'),
(329, '12', 'ビジネス実務II', '2025-01-14', '11:00:00', '12:40:00', 'ICT2'),
(330, '9', 'CCラボ', '2025-01-14', '13:30:00', '15:00:00', 'たかねこ'),
(356, '孫', 'WEB情報', '2025-01-01', '09:30:00', '11:00:00', 'ICT2'),
(358, '宮嵜', 'ビジネス実務II', '2024-12-31', '09:30:00', '11:00:00', 'ICT2'),
(359, '木下', 'グローバルスタデ', '2024-12-31', '13:30:00', '15:00:00', 'たかねこ'),
(360, '副島', 'EL日本語II', '2025-01-02', '09:30:00', '11:00:00', 'しらがわ'),
(374, '鈴木', 'CCラボ', '2025-02-05', '13:30:00', '16:40:00', 'たかねこ'),
(375, 'フィオーナ', 'ACE I', '2025-02-05', '09:30:00', '11:00:00', 'なか'),
(376, '夏井/堀口', 'EL I', '2025-02-05', '11:10:00', '12:40:00', 'ICT1/なか'),
(377, '鈴木', 'CCラボ(成果発表)', '2025-02-07', '09:30:00', '16:40:00', 'たかねこ'),
(378, '鈴木', 'CCラボ', '2025-02-06', '13:30:00', '16:40:00', 'オンライ'),
(379, '廣瀬', 'SNS', '2025-02-04', '09:30:00', '12:40:00', 'なか'),
(380, '岩木', 'ノーコード', '2025-02-04', '13:30:00', '15:00:00', 'なか'),
(381, '田上', 'キャリア', '2025-02-04', '15:10:00', '16:40:00', 'なか');

-- --------------------------------------------------------

--
-- Table structure for table `users`
--

CREATE TABLE IF NOT EXISTS `users` (
  `id` int NOT NULL AUTO_INCREMENT,
  `name` varchar(100) CHARACTER SET utf8mb4 COLLATE utf8mb4_general_ci NOT NULL,
  `email` varchar(100) CHARACTER SET utf8mb4 COLLATE utf8mb4_general_ci NOT NULL,
  `password` varchar(100) CHARACTER SET utf8mb4 COLLATE utf8mb4_general_ci NOT NULL,
  `user_type` varchar(20) CHARACTER SET utf8mb4 COLLATE utf8mb4_general_ci DEFAULT 'user',
  PRIMARY KEY (`id`)
) ENGINE=InnoDB  DEFAULT CHARSET=utf8mb4 COLLATE=utf8mb4_general_ci AUTO_INCREMENT=17 ;

--
-- Dumping data for table `users`
--

INSERT INTO `users` (`id`, `name`, `email`, `password`, `user_type`) VALUES
(1, 'devendra gurung', 'i23004.devendra@iica.jp', '$2y$10$15wdWUtgAE.N/k2folEGEOh9vlFPZ58LGuiz2wemWxQO.zpWo5ita', 'admin'),
(2, 'Gurung Devendra', 'gurungd265@gmail.com', '$2y$10$yBV9vjgLoSWHNIHw2K5W6.sGnQQ0pVIgZNvv6v1QCcglndcyrT4a6', 'admin'),
(3, 'may_oo', 'test2023@iica.jp', '$2y$10$HmvKHrrfPCFLN7FlUiq6HOSwYRyHK40SKiSwcmi8vZf6KR1y9NeFi', 'user'),
(4, 'may_00', 'i23006.mayoo@iica.jp', '$2y$10$S1JHoNu/NW2wD7CQ3csAJus/xSG8Y3Mw3rdDrO1p8U48NYPizdHy2', 'admin'),
(5, 'ram gurung', 'ram@iica.jp', '$2y$10$o4RfvTLe6kWzv/Ou1mlXuu9hFjLjcJZ5HLrHpaGWaYob/IpjxvGGK', 'admin'),
(6, 'yamada', 'yamada123@iica.jp', '$2y$10$tRg/YFbZMag2vSgHTYqfsuA4Y3LKyj/GJQlZ8zHEESkHGh8Pyn6g2', 'user'),
(7, 'horiguchi', 'horiguchi@abc.jp', '$2y$10$dg9uik84dDVl/XYaZK3Rwuce6uvE0r6hZmerQzNSIVOZXhApZB5Dq', 'user'),
(8, 'リン', 'i23007.lin@iica.jp', '$2y$10$Ud4F0Or0KgamPr1FcAogCeBuSjWNvBe6JMQVcWMVxEcEkcgdZdN06', 'user'),
(9, 'hari gurung', 'hari@iica.jp', '$2y$10$hmV0hAykGEmNgM0nbuNeQukeH8p52Z0TpdGnoRCTBI/jwzHpKAtZq', 'user'),
(10, 'ramesh ghale', 'ramesh@iica.jp', '$2y$10$UvkVh2qudg/pUgwpuV91ee6Y85RHf6cknWAQ8YBFAViWJIxOrXtt2', 'user'),
(11, 'bipana gurung', 'bipana@iica.jp', '$2y$10$2QlJaJtmBs/XaDgISjGNL.Dijz6LaYocVIS2zGycQmr2gkxzX2lA2', 'user'),
(12, 'mega', 'mega@iica.jp', '$2y$10$Z/bkiEZlh4T7ITInXxSEy.JTX.mJ4pi3negIFV9ZTJhA6L.jfS9fq', 'user'),
(13, 'maya', 'maya@iica.jp', '$2y$10$nkcV0JtLzS.eCKme7rjdbuzZfJh.RE06jPeMczDK.tHue/.AAHb0.', 'user'),
(14, 'shyam', 'shyam@iica.jp', '$2y$10$pICckbk3zGwgXsngXaLteeTbAzVyYq.YgthiwDkV.do/xSpdcqESu', 'user'),
(15, 'karna', 'karna@iica.jp', '$2y$10$tNhBAkzTEId8m6kVSo/N9uuGrlOfO2QYoEArwnndTx6/HqIrHGZs6', 'user'),
(16, 'maila gurung', 'maila@iica.jp', '$2y$10$y2Vax6B1oAMVAk50RZ7Ry.dWO6aPJuj12df5gvkqDTv1A365uOp1m', 'user');

--
-- Constraints for dumped tables
--

--
-- Constraints for table `kosiki`
--
ALTER TABLE `kosiki`
  ADD CONSTRAINT `kosiki_ibfk_1` FOREIGN KEY (`teacher_id`) REFERENCES `teacher` (`teacher_id`);

--
-- Constraints for table `subject`
--
ALTER TABLE `subject`
  ADD CONSTRAINT `fk_teacher` FOREIGN KEY (`teacher_id`) REFERENCES `teacher` (`teacher_id`);

/*!40101 SET CHARACTER_SET_CLIENT=@OLD_CHARACTER_SET_CLIENT */;
/*!40101 SET CHARACTER_SET_RESULTS=@OLD_CHARACTER_SET_RESULTS */;
/*!40101 SET COLLATION_CONNECTION=@OLD_COLLATION_CONNECTION */;
